/*!40101 SET @OLD_CHARACTER_SET_CLIENT=@@CHARACTER_SET_CLIENT */;
/*!40101 SET @OLD_CHARACTER_SET_RESULTS=@@CHARACTER_SET_RESULTS */;
/*!40101 SET @OLD_COLLATION_CONNECTION=@@COLLATION_CONNECTION */;
/*!40101 SET NAMES utf8mb4 */;
/*!40014 SET @OLD_UNIQUE_CHECKS=@@UNIQUE_CHECKS, UNIQUE_CHECKS=0 */;
/*!40014 SET @OLD_FOREIGN_KEY_CHECKS=@@FOREIGN_KEY_CHECKS, FOREIGN_KEY_CHECKS=0 */;
/*!40101 SET @OLD_SQL_MODE=@@SQL_MODE, SQL_MODE='NO_AUTO_VALUE_ON_ZERO' */;
/*!40111 SET @OLD_SQL_NOTES=@@SQL_NOTES, SQL_NOTES=0 */;

CREATE TABLE `piutangtdkbermasalahags22` (
  `id` int(11) NOT NULL,
  `nokontrak` text NOT NULL,
  `sisapinjaman` decimal(20,2) NOT NULL,
  `status` text NOT NULL,
  `tgl` date NOT NULL,
  `alokasisisih` decimal(20,2) NOT NULL,
  `sektor` text NOT NULL,
  PRIMARY KEY (`id`)
) ENGINE=InnoDB DEFAULT CHARSET=utf8mb4;

CREATE TABLE `piutangtdkbermasalahapr22` (
  `id` int(11) NOT NULL,
  `nokontrak` text NOT NULL,
  `sisapinjaman` decimal(20,2) NOT NULL,
  `status` text NOT NULL,
  `tgl` date NOT NULL,
  `alokasisisih` decimal(20,2) NOT NULL,
  `sektor` text NOT NULL,
  PRIMARY KEY (`id`)
) ENGINE=InnoDB DEFAULT CHARSET=utf8mb4;

CREATE TABLE `piutangtdkbermasalahdes22` (
  `id` int(11) NOT NULL,
  `nokontrak` text NOT NULL,
  `sisapinjaman` decimal(20,2) NOT NULL,
  `status` text NOT NULL,
  `tgl` date NOT NULL,
  `alokasisisih` decimal(20,2) NOT NULL,
  `sektor` text NOT NULL,
  PRIMARY KEY (`id`)
) ENGINE=InnoDB DEFAULT CHARSET=utf8mb4;

CREATE TABLE `piutangtdkbermasalahfeb22` (
  `id` int(11) NOT NULL,
  `nokontrak` text NOT NULL,
  `sisapinjaman` decimal(20,2) NOT NULL,
  `status` text NOT NULL,
  `tgl` date NOT NULL,
  `alokasisisih` decimal(20,2) NOT NULL,
  `sektor` text NOT NULL,
  PRIMARY KEY (`id`)
) ENGINE=InnoDB DEFAULT CHARSET=utf8mb4;

CREATE TABLE `piutangtdkbermasalahjan22` (
  `id` int(11) NOT NULL,
  `nokontrak` text NOT NULL,
  `sisapinjaman` decimal(20,2) NOT NULL,
  `status` text NOT NULL,
  `tgl` date NOT NULL,
  `alokasisisih` decimal(20,2) NOT NULL,
  `sektor` text NOT NULL,
  PRIMARY KEY (`id`)
) ENGINE=InnoDB DEFAULT CHARSET=utf8mb4;

CREATE TABLE `piutangtdkbermasalahjan23` (
  `id` int(11) NOT NULL,
  `nokontrak` text NOT NULL,
  `sisapinjaman` decimal(20,2) NOT NULL,
  `status` text NOT NULL,
  `tgl` date NOT NULL,
  `alokasisisih` decimal(20,2) NOT NULL,
  `sektor` text NOT NULL,
  PRIMARY KEY (`id`)
) ENGINE=InnoDB DEFAULT CHARSET=utf8mb4;

CREATE TABLE `piutangtdkbermasalahjul22` (
  `id` int(11) NOT NULL,
  `nokontrak` text NOT NULL,
  `sisapinjaman` decimal(20,2) NOT NULL,
  `status` text NOT NULL,
  `tgl` date NOT NULL,
  `alokasisisih` decimal(20,2) NOT NULL,
  `sektor` text NOT NULL,
  PRIMARY KEY (`id`)
) ENGINE=InnoDB DEFAULT CHARSET=utf8mb4;

CREATE TABLE `piutangtdkbermasalahjun22` (
  `id` int(11) NOT NULL,
  `nokontrak` text NOT NULL,
  `sisapinjaman` decimal(20,2) NOT NULL,
  `status` text NOT NULL,
  `tgl` date NOT NULL,
  `alokasisisih` decimal(20,2) NOT NULL,
  `sektor` text NOT NULL,
  PRIMARY KEY (`id`)
) ENGINE=InnoDB DEFAULT CHARSET=utf8mb4;

CREATE TABLE `piutangtdkbermasalahmar22` (
  `id` int(11) NOT NULL,
  `nokontrak` text NOT NULL,
  `sisapinjaman` decimal(20,2) NOT NULL,
  `status` text NOT NULL,
  `tgl` date NOT NULL,
  `alokasisisih` decimal(20,2) NOT NULL,
  `sektor` text NOT NULL,
  PRIMARY KEY (`id`)
) ENGINE=InnoDB DEFAULT CHARSET=utf8mb4;

CREATE TABLE `piutangtdkbermasalahmei22` (
  `id` int(11) NOT NULL,
  `nokontrak` text NOT NULL,
  `sisapinjaman` decimal(20,2) NOT NULL,
  `status` text NOT NULL,
  `tgl` date NOT NULL,
  `alokasisisih` decimal(20,2) NOT NULL,
  `sektor` text NOT NULL,
  PRIMARY KEY (`id`)
) ENGINE=InnoDB DEFAULT CHARSET=utf8mb4;

CREATE TABLE `piutangtdkbermasalahnop22` (
  `id` int(11) NOT NULL,
  `nokontrak` text NOT NULL,
  `sisapinjaman` decimal(20,2) NOT NULL,
  `status` text NOT NULL,
  `tgl` date NOT NULL,
  `alokasisisih` decimal(20,2) NOT NULL,
  `sektor` text NOT NULL,
  PRIMARY KEY (`id`)
) ENGINE=InnoDB DEFAULT CHARSET=utf8mb4;

CREATE TABLE `piutangtdkbermasalahokt22` (
  `id` int(11) NOT NULL,
  `nokontrak` text NOT NULL,
  `sisapinjaman` decimal(20,2) NOT NULL,
  `status` text NOT NULL,
  `tgl` date NOT NULL,
  `alokasisisih` decimal(20,2) NOT NULL,
  `sektor` text NOT NULL,
  PRIMARY KEY (`id`)
) ENGINE=InnoDB DEFAULT CHARSET=utf8mb4;

CREATE TABLE `piutangtdkbermasalahsep22` (
  `id` int(11) NOT NULL,
  `nokontrak` text NOT NULL,
  `sisapinjaman` decimal(20,2) NOT NULL,
  `status` text NOT NULL,
  `tgl` date NOT NULL,
  `alokasisisih` decimal(20,2) NOT NULL,
  `sektor` text NOT NULL,
  PRIMARY KEY (`id`)
) ENGINE=InnoDB DEFAULT CHARSET=utf8mb4;

CREATE TABLE `programkemitraan` (
  `id` int(11) NOT NULL,
  `sektor` text NOT NULL,
  `jan21` int(11) NOT NULL,
  `feb21` int(11) NOT NULL,
  `mar21` int(11) NOT NULL,
  `apr21` int(11) NOT NULL,
  `mei21` int(11) NOT NULL,
  `jun21` int(11) NOT NULL,
  `jul21` int(11) NOT NULL,
  `ags21` int(11) NOT NULL,
  `sep21` int(11) NOT NULL,
  `okt21` int(11) NOT NULL,
  `nop21` int(11) NOT NULL,
  `des21` int(11) NOT NULL,
  PRIMARY KEY (`id`)
) ENGINE=InnoDB DEFAULT CHARSET=utf8mb4;

CREATE TABLE `proposal` (
  `id` int(11) NOT NULL,
  `lokasi` text NOT NULL,
  `barujan` int(11) NOT NULL,
  `lanjutanjan` int(11) NOT NULL,
  `jumlahjan` int(11) NOT NULL,
  `barufeb` int(11) NOT NULL,
  `lanjutanfeb` int(11) NOT NULL,
  `jumlahfeb` int(11) NOT NULL,
  `barumar` int(11) NOT NULL,
  `lanjutanmar` int(11) NOT NULL,
  `jumlahmar` int(11) NOT NULL,
  `baruapr` int(11) NOT NULL,
  `lanjutanapr` int(11) NOT NULL,
  `jumlahapr` int(11) NOT NULL,
  `barumei` int(11) NOT NULL,
  `lanjutanmei` int(11) NOT NULL,
  `jumlahmei` int(11) NOT NULL,
  `barujun` int(11) NOT NULL,
  `lanjutanjun` int(11) NOT NULL,
  `jumlahjun` int(11) NOT NULL,
  `barujul` int(11) NOT NULL,
  `lanjutanjul` int(11) NOT NULL,
  `jumlahjul` int(11) NOT NULL,
  `baruags` int(11) NOT NULL,
  `lanjutanags` int(11) NOT NULL,
  `jumlahags` int(11) NOT NULL,
  `barusep` int(11) NOT NULL,
  `lanjutansep` int(11) NOT NULL,
  `jumlahsep` int(11) NOT NULL,
  `baruokt` int(11) NOT NULL,
  `lanjutanokt` int(11) NOT NULL,
  `jumlahokt` int(11) NOT NULL,
  `barunop` int(11) NOT NULL,
  `lanjutannop` int(11) NOT NULL,
  `jumlahnop` int(11) NOT NULL,
  `barudes` int(11) NOT NULL,
  `lanjutandes` int(11) NOT NULL,
  `jumlahdes` int(11) NOT NULL,
  `surveyjan` int(11) NOT NULL,
  `surveyfeb` int(11) NOT NULL,
  `surveymar` int(11) NOT NULL,
  `surveyapr` int(11) NOT NULL,
  `surveymei` int(11) NOT NULL,
  `surveyjun` int(11) NOT NULL,
  `surveyjul` int(11) NOT NULL,
  `surveyags` int(11) NOT NULL,
  `surveysep` int(11) NOT NULL,
  `surveyokt` int(11) NOT NULL,
  `surveynop` int(11) NOT NULL,
  `surveydes` int(11) NOT NULL,
  `monitorjan` int(11) NOT NULL,
  `monitorfeb` int(11) NOT NULL,
  `monitormar` int(11) NOT NULL,
  `monitorapr` int(11) NOT NULL,
  `monitormei` int(11) NOT NULL,
  `monitorjun` int(11) NOT NULL,
  `monitorjul` int(11) NOT NULL,
  `monitorags` int(11) NOT NULL,
  `monitorsep` int(11) NOT NULL,
  `monitorokt` int(11) NOT NULL,
  `monitornop` int(11) NOT NULL,
  `monitordes` int(11) NOT NULL,
  `penagihanjan` int(11) NOT NULL,
  `penagihanfeb` int(11) NOT NULL,
  `penagihanmar` int(11) NOT NULL,
  `penagihanapr` int(11) NOT NULL,
  `penagihanmei` int(11) NOT NULL,
  `penagihanjun` int(11) NOT NULL,
  `penagihanjul` int(11) NOT NULL,
  `penagihanags` int(11) NOT NULL,
  `penagihansep` int(11) NOT NULL,
  `penagihanokt` int(11) NOT NULL,
  `penagihannop` int(11) NOT NULL,
  `penagihandes` int(11) NOT NULL,
  PRIMARY KEY (`id`)
) ENGINE=InnoDB DEFAULT CHARSET=utf8mb4;

CREATE TABLE `role_permissions` (
  `role_id` tinyint(3) unsigned NOT NULL,
  `permission_id` smallint(5) unsigned NOT NULL,
  PRIMARY KEY (`role_id`,`permission_id`) USING BTREE,
  KEY `role_id2_idx` (`role_id`) USING BTREE,
  KEY `permission_id2_idx` (`permission_id`) USING BTREE,
  CONSTRAINT `permission_id2` FOREIGN KEY (`permission_id`) REFERENCES `permissions` (`permission_id`) ON DELETE CASCADE ON UPDATE NO ACTION,
  CONSTRAINT `role_id2` FOREIGN KEY (`role_id`) REFERENCES `roles` (`role_id`) ON DELETE CASCADE ON UPDATE NO ACTION
) ENGINE=InnoDB DEFAULT CHARSET=utf8 COLLATE=utf8_unicode_ci ROW_FORMAT=DYNAMIC;

CREATE TABLE `roles` (
  `role_id` tinyint(3) unsigned NOT NULL AUTO_INCREMENT,
  `role` varchar(50) COLLATE utf8_unicode_ci NOT NULL,
  `full` varchar(50) COLLATE utf8_unicode_ci NOT NULL,
  `default` tinyint(1) NOT NULL,
  PRIMARY KEY (`role_id`) USING BTREE,
  UNIQUE KEY `role_UNIQUE` (`role`) USING BTREE
) ENGINE=InnoDB AUTO_INCREMENT=4 DEFAULT CHARSET=utf8 COLLATE=utf8_unicode_ci ROW_FORMAT=DYNAMIC;

CREATE TABLE `saldokasbank` (
  `id` bigint(20) unsigned NOT NULL AUTO_INCREMENT,
  `mandiri` decimal(10,0) DEFAULT NULL,
  `bri` decimal(10,0) DEFAULT NULL,
  `kaskecil` decimal(10,0) DEFAULT NULL,
  `perioda` varchar(255) DEFAULT NULL,
  `updated` varchar(255) DEFAULT NULL,
  `updated_at` varchar(255) DEFAULT NULL,
  UNIQUE KEY `id` (`id`)
) ENGINE=InnoDB AUTO_INCREMENT=14 DEFAULT CHARSET=utf8mb4;

CREATE TABLE `sektorusaha` (
  `id` int(11) NOT NULL,
  `sektor` text NOT NULL,
  PRIMARY KEY (`id`)
) ENGINE=InnoDB DEFAULT CHARSET=utf8mb4;

CREATE TABLE `skalausaha` (
  `id` int(11) NOT NULL,
  `skala` text NOT NULL,
  PRIMARY KEY (`id`)
) ENGINE=InnoDB DEFAULT CHARSET=utf8mb4;

CREATE TABLE `statusmitra` (
  `id` int(11) NOT NULL,
  `status` text NOT NULL
) ENGINE=InnoDB DEFAULT CHARSET=utf8mb4;

CREATE TABLE `sudahbelum` (
  `id` int(11) NOT NULL,
  `status` text NOT NULL,
  PRIMARY KEY (`id`)
) ENGINE=InnoDB DEFAULT CHARSET=utf8mb4;

CREATE TABLE `tingkatpengembalianhasil` (
  `id` int(11) NOT NULL,
  `sektor` text NOT NULL,
  `okt21` decimal(20,2) NOT NULL,
  `nop21` decimal(20,2) NOT NULL,
  `des21` decimal(20,2) NOT NULL,
  `jan22` decimal(20,2) NOT NULL,
  `feb22` decimal(20,2) NOT NULL,
  `mar22` decimal(20,2) NOT NULL,
  `apr22` decimal(20,2) NOT NULL,
  `mei22` decimal(20,2) NOT NULL,
  `jun22` decimal(20,2) NOT NULL,
  `jul22` decimal(20,2) NOT NULL,
  `ags22` decimal(20,2) NOT NULL,
  `sep22` decimal(20,2) NOT NULL,
  `okt22` decimal(20,2) NOT NULL,
  `nop22` decimal(20,2) NOT NULL,
  `des22` decimal(20,2) NOT NULL,
  `prosen` int(11) NOT NULL,
  `timbangjan22` decimal(20,2) NOT NULL,
  `timbangdes21` decimal(20,2) NOT NULL,
  `timbangfeb22` decimal(20,2) NOT NULL,
  `timbangmar22` decimal(20,2) NOT NULL,
  `timbangapr22` decimal(20,2) NOT NULL,
  `timbangmei22` decimal(20,2) NOT NULL,
  `timbangjun22` decimal(20,2) NOT NULL,
  `timbangjul22` decimal(20,2) NOT NULL,
  `timbangags22` decimal(20,2) NOT NULL,
  `timbangsep22` decimal(20,2) NOT NULL,
  `timbangokt22` decimal(20,2) NOT NULL,
  `timbangnop22` decimal(20,2) NOT NULL,
  `timbangdes22` decimal(20,2) NOT NULL,
  `rkajan22` decimal(20,2) NOT NULL,
  `rkasdjan22` decimal(20,2) NOT NULL,
  `realjan22` decimal(20,2) NOT NULL,
  `realsdjan22` decimal(20,2) NOT NULL,
  `rkajan21` decimal(20,2) NOT NULL,
  `rkasdjan21` decimal(20,2) NOT NULL,
  `prosenjan22` decimal(20,2) NOT NULL,
  `prosensdjan22` decimal(20,2) NOT NULL,
  `prosenfeb22` decimal(20,2) NOT NULL,
  `prosensdfeb22` decimal(20,2) NOT NULL,
  `prosenmar22` decimal(20,2) NOT NULL,
  `prosensdmar22` decimal(20,2) NOT NULL,
  `prosenapr22` decimal(20,2) NOT NULL,
  `prosensdapr22` decimal(20,2) NOT NULL,
  `prosenmei22` decimal(20,2) NOT NULL,
  `prosensdmei22` decimal(20,2) NOT NULL,
  `prosenjun22` decimal(20,2) NOT NULL,
  `prosensdjun22` decimal(20,2) NOT NULL,
  `prosenjul22` decimal(20,2) NOT NULL,
  `prosensdjul22` decimal(20,2) NOT NULL,
  `prosenags22` decimal(20,2) NOT NULL,
  `prosensdags22` decimal(20,2) NOT NULL,
  `prosensep22` decimal(20,2) NOT NULL,
  `prosensdsep22` decimal(20,2) NOT NULL,
  `prosenokt22` decimal(20,2) NOT NULL,
  `prosensdokt22` decimal(20,2) NOT NULL,
  `prosennop22` decimal(20,2) NOT NULL,
  `prosensdnop22` decimal(20,2) NOT NULL,
  `prosendes22` decimal(20,2) NOT NULL,
  `prosensddes22` decimal(20,2) NOT NULL,
  PRIMARY KEY (`id`)
) ENGINE=InnoDB DEFAULT CHARSET=utf8mb4;

CREATE TABLE `transposeagingrate` (
  `id` int(11) NOT NULL,
  `bulan` date NOT NULL,
  `lancar` decimal(12,2) NOT NULL,
  `kuranglancar` decimal(12,2) NOT NULL,
  `diragukan` decimal(12,2) NOT NULL,
  `macet` decimal(12,2) NOT NULL,
  `selisih` decimal(12,2) NOT NULL,
  `jumlah` decimal(12,2) NOT NULL,
  `lankekrglan` decimal(12,10) NOT NULL,
  `krglankediragu` decimal(12,10) NOT NULL,
  `diragukemacet` decimal(12,10) NOT NULL,
  `prodeflancar` decimal(12,10) NOT NULL,
  `prodefkuranglancar` decimal(12,10) NOT NULL,
  `prodefdiragukan` decimal(12,10) NOT NULL,
  PRIMARY KEY (`id`)
) ENGINE=InnoDB DEFAULT CHARSET=utf8mb4;

CREATE TABLE `user_autologin` (
  `key_id` char(32) CHARACTER SET utf8 COLLATE utf8_bin NOT NULL,
  `user_id` int(10) unsigned NOT NULL DEFAULT 0,
  `user_agent` varchar(150) CHARACTER SET utf8 COLLATE utf8_bin NOT NULL,
  `last_ip` varchar(40) CHARACTER SET utf8 COLLATE utf8_bin NOT NULL,
  `last_login` timestamp NOT NULL DEFAULT current_timestamp() ON UPDATE current_timestamp(),
  PRIMARY KEY (`key_id`,`user_id`) USING BTREE
) ENGINE=InnoDB DEFAULT CHARSET=utf8 COLLATE=utf8_unicode_ci ROW_FORMAT=DYNAMIC;

CREATE TABLE `user_profiles` (
  `id` int(10) unsigned NOT NULL,
  `nipeg` varchar(255) COLLATE utf8_unicode_ci DEFAULT NULL,
  `name` varchar(255) COLLATE utf8_unicode_ci DEFAULT '',
  `gender` char(1) COLLATE utf8_unicode_ci DEFAULT '',
  `tanggal_lahir` date NOT NULL,
  `alamat` varchar(200) COLLATE utf8_unicode_ci NOT NULL,
  `kota` varchar(20) COLLATE utf8_unicode_ci NOT NULL,
  `tentang_saya` text COLLATE utf8_unicode_ci NOT NULL,
  `foto` varchar(30) COLLATE utf8_unicode_ci NOT NULL DEFAULT 'no_image.jpg',
  `dob` date NOT NULL,
  `country` char(2) CHARACTER SET utf8 COLLATE utf8_bin DEFAULT '',
  `timezone` varchar(50) COLLATE utf8_unicode_ci DEFAULT '',
  `website` varchar(100) CHARACTER SET utf8 COLLATE utf8_bin DEFAULT '',
  `modified` timestamp NOT NULL DEFAULT current_timestamp() ON UPDATE current_timestamp(),
  PRIMARY KEY (`id`) USING BTREE
) ENGINE=InnoDB DEFAULT CHARSET=utf8 COLLATE=utf8_unicode_ci ROW_FORMAT=DYNAMIC;

CREATE TABLE `user_roles` (
  `user_id` int(10) unsigned NOT NULL,
  `role_id` tinyint(3) unsigned NOT NULL,
  PRIMARY KEY (`user_id`,`role_id`) USING BTREE,
  KEY `user_id2_idx` (`user_id`) USING BTREE,
  KEY `role_id1_idx` (`role_id`) USING BTREE,
  CONSTRAINT `role_id1` FOREIGN KEY (`role_id`) REFERENCES `roles` (`role_id`) ON DELETE CASCADE ON UPDATE NO ACTION,
  CONSTRAINT `user_id2` FOREIGN KEY (`user_id`) REFERENCES `users` (`id`) ON DELETE CASCADE ON UPDATE NO ACTION
) ENGINE=InnoDB DEFAULT CHARSET=utf8 COLLATE=utf8_unicode_ci ROW_FORMAT=DYNAMIC;

CREATE TABLE `users` (
  `id` int(10) unsigned NOT NULL AUTO_INCREMENT,
  `username` varchar(50) CHARACTER SET utf8 COLLATE utf8_bin NOT NULL,
  `password` varchar(255) CHARACTER SET utf8 COLLATE utf8_bin NOT NULL,
  `email` varchar(100) CHARACTER SET utf8 COLLATE utf8_bin NOT NULL,
  `activated` tinyint(1) NOT NULL DEFAULT 1,
  `banned` tinyint(1) NOT NULL DEFAULT 0,
  `ban_reason` varchar(255) CHARACTER SET utf8 COLLATE utf8_bin DEFAULT NULL,
  `new_password_key` char(32) CHARACTER SET utf8 COLLATE utf8_bin DEFAULT NULL,
  `new_password_requested` datetime DEFAULT NULL,
  `new_email` varchar(100) CHARACTER SET utf8 COLLATE utf8_bin DEFAULT NULL,
  `new_email_key` varchar(50) CHARACTER SET utf8 COLLATE utf8_bin DEFAULT NULL,
  `approved` tinyint(1) DEFAULT NULL COMMENT 'For acct approval.',
  `meta` varchar(2000) COLLATE utf8_unicode_ci DEFAULT '',
  `last_ip` varchar(45) CHARACTER SET utf8 COLLATE utf8_bin NOT NULL,
  `last_login` datetime NOT NULL,
  `created` datetime NOT NULL,
  `modified` timestamp NOT NULL DEFAULT current_timestamp() ON UPDATE current_timestamp(),
  PRIMARY KEY (`id`) USING BTREE,
  UNIQUE KEY `username_UNIQUE` (`username`) USING BTREE,
  UNIQUE KEY `email_UNIQUE` (`email`) USING BTREE
) ENGINE=InnoDB AUTO_INCREMENT=16 DEFAULT CHARSET=utf8 COLLATE=utf8_unicode_ci ROW_FORMAT=DYNAMIC;

CREATE TABLE `yatidak` (
  `id` int(11) NOT NULL,
  `status` text NOT NULL,
  PRIMARY KEY (`id`)
) ENGINE=InnoDB DEFAULT CHARSET=utf8mb4;



INSERT INTO `piutangtdkbermasalahapr22` (`id`, `nokontrak`, `sisapinjaman`, `status`, `tgl`, `alokasisisih`, `sektor`) VALUES
(1, '3971', 10659000.00, 'kurang lancar', '2022-05-14', 372592.84, 'Sektor Jasa');
INSERT INTO `piutangtdkbermasalahapr22` (`id`, `nokontrak`, `sisapinjaman`, `status`, `tgl`, `alokasisisih`, `sektor`) VALUES
(2, '3974', 3983000.00, 'macet', '2022-05-14', 3983000.00, 'Sektor Industri');
INSERT INTO `piutangtdkbermasalahapr22` (`id`, `nokontrak`, `sisapinjaman`, `status`, `tgl`, `alokasisisih`, `sektor`) VALUES
(3, '4001', 5873980.00, 'macet', '2022-05-14', 5873980.00, 'Sektor Industri');
INSERT INTO `piutangtdkbermasalahapr22` (`id`, `nokontrak`, `sisapinjaman`, `status`, `tgl`, `alokasisisih`, `sektor`) VALUES
(4, '4045', 5200000.00, 'macet', '2022-05-14', 5200000.00, 'Sektor Perdagangan'),
(5, '4095', 4364000.00, 'macet', '2022-05-14', 4364000.00, 'Sektor Industri'),
(6, '4097', 4500000.00, 'macet', '2022-05-14', 4500000.00, 'Sektor Perdagangan'),
(7, '4112', 45900000.00, 'kurang lancar', '2022-05-14', 1604466.79, 'Sektor Perdagangan'),
(8, '4115', 4125000.00, 'macet', '2022-05-14', 4125000.00, 'Sektor Perdagangan'),
(9, '4116', 4900000.00, 'macet', '2022-05-14', 4900000.00, 'Sektor Perdagangan'),
(10, '4117', 14275000.00, 'kurang lancar', '2022-05-14', 498992.67, 'Sektor Perdagangan'),
(11, '4149', 1067000.00, 'macet', '2022-05-14', 1067000.00, 'Sektor Perdagangan'),
(12, '4194', 5915000.00, 'macet', '2022-05-14', 5915000.00, 'Sektor Perdagangan'),
(13, '4212', 350000.00, 'macet', '2022-05-14', 350000.00, 'Sektor Industri'),
(14, '4229', 17158329.00, 'kurang lancar', '2022-05-14', 599781.46, 'Sektor Perdagangan'),
(15, '4251', 4020000.00, 'macet', '2022-05-14', 4020000.00, 'Sektor Perdagangan'),
(16, '4254', 32578000.00, 'kurang lancar', '2022-05-14', 1138786.91, 'Sektor Perdagangan'),
(17, '4261', 15296000.00, 'kurang lancar', '2022-05-14', 534682.44, 'Sektor Perdagangan'),
(18, '4279', 9100000.00, 'macet', '2022-05-14', 9100000.00, 'Sektor Perdagangan'),
(19, '4292', 9760000.00, 'macet', '2022-05-14', 9760000.00, 'Sektor Perdagangan'),
(20, '4349', 2562000.00, 'macet', '2022-05-14', 2562000.00, 'Sektor Peternakan'),
(21, '4351', 10175000.00, 'kurang lancar', '2022-05-14', 355674.28, 'Sektor Jasa'),
(22, '4393', 16883000.00, 'kurang lancar', '2022-05-14', 590157.14, 'Sektor Industri'),
(23, '4405', 8599000.00, 'macet', '2022-05-14', 8599000.00, 'Sektor Industri'),
(24, '4419', 10000000.00, 'macet', '2022-05-14', 10000000.00, 'Sektor Perdagangan'),
(25, '4421', 18765000.00, 'macet', '2022-05-14', 18765000.00, 'Sektor Industri'),
(26, '4448', 8749000.00, 'macet', '2022-05-14', 8749000.00, 'Sektor Perdagangan'),
(27, '4455', 12825000.00, 'macet', '2022-05-14', 12825000.00, 'Sektor Industri'),
(28, '4456', 7480000.00, 'macet', '2022-05-14', 7480000.00, 'Sektor Industri'),
(29, '4493', 7703000.00, 'macet', '2022-05-14', 7703000.00, 'Sektor Perdagangan'),
(30, '4494', 7825000.00, 'macet', '2022-05-14', 7825000.00, 'Sektor Industri'),
(31, '4499', 9748000.00, 'macet', '2022-05-14', 9748000.00, 'Sektor Peternakan'),
(32, '4500', 7338000.00, 'macet', '2022-05-14', 7338000.00, 'Sektor Perdagangan'),
(33, '4501', 10150000.00, 'macet', '2022-05-14', 10150000.00, 'Sektor Perdagangan'),
(34, '4503', 10100000.00, 'macet', '2022-05-14', 10100000.00, 'Sektor Perdagangan'),
(35, '4506', 5586334.00, 'macet', '2022-05-14', 5586334.00, 'Sektor Perdagangan'),
(36, '4509', 2500000.00, 'macet', '2022-05-14', 2500000.00, 'Sektor Industri'),
(37, '4514', 4326000.00, 'macet', '2022-05-14', 4326000.00, 'Sektor Industri'),
(38, '4517', 6318000.00, 'macet', '2022-05-14', 6318000.00, 'Sektor Perikanan'),
(39, '4518', 2661000.00, 'macet', '2022-05-14', 2661000.00, 'Sektor Perdagangan'),
(40, '4526', 5312000.00, 'macet', '2022-05-14', 5312000.00, 'Sektor Industri'),
(41, '4530', 41248000.00, 'kurang lancar', '2022-05-14', 1441852.86, 'Sektor Perikanan'),
(42, '4547', 6873000.00, 'macet', '2022-05-14', 6873000.00, 'Sektor Perdagangan'),
(43, '4567', 5393000.00, 'macet', '2022-05-14', 5393000.00, 'Sektor Perdagangan'),
(44, '4571', 8125000.00, 'macet', '2022-05-14', 8125000.00, 'Sektor Peternakan'),
(45, '4579', 22200000.00, 'kurang lancar', '2022-05-14', 776016.62, 'Sektor Perdagangan'),
(46, '4600', 43400000.00, 'kurang lancar', '2022-05-14', 1517077.53, 'Sektor Industri'),
(47, '4628', 8200000.00, 'macet', '2022-05-14', 8200000.00, 'Sektor Perikanan'),
(48, '4629', 5025000.00, 'macet', '2022-05-14', 5025000.00, 'Sektor Perdagangan'),
(49, '4653', 8749000.00, 'macet', '2022-05-14', 8749000.00, 'Sektor Pertanian'),
(50, '4671', 1220640.00, 'macet', '2022-05-14', 1220640.00, 'Sektor Perikanan'),
(51, '4673', 18250000.00, 'kurang lancar', '2022-05-14', 637941.59, 'Sektor Peternakan'),
(52, '4674', 3703000.00, 'macet', '2022-05-14', 3703000.00, 'Sektor Perdagangan'),
(53, '4676', 10675000.00, 'macet', '2022-05-14', 10675000.00, 'Sektor Peternakan'),
(54, '4677', 11125000.00, 'macet', '2022-05-14', 11125000.00, 'Sektor Industri'),
(55, '4678', 328640.00, 'macet', '2022-05-14', 328640.00, 'Sektor Industri'),
(56, '4679', 14375000.00, 'kurang lancar', '2022-05-14', 502488.24, 'Sektor Pertanian'),
(57, '4680', 9583000.00, 'macet', '2022-05-14', 9583000.00, 'Sektor Perdagangan'),
(58, '4681', 7770000.00, 'macet', '2022-05-14', 7770000.00, 'Sektor Industri'),
(59, '4683', 9879000.00, 'macet', '2022-05-14', 9879000.00, 'Sektor Perdagangan'),
(60, '4684', 14275000.00, 'kurang lancar', '2022-05-14', 498992.67, 'Sektor Perdagangan'),
(61, '4687', 12200000.00, 'macet', '2022-05-14', 12200000.00, 'Sektor Industri'),
(62, '4689', 12500000.00, 'macet', '2022-05-14', 12500000.00, 'Sektor Perdagangan'),
(63, '4691', 41360.00, 'macet', '2022-05-14', 41360.00, 'Sektor Perdagangan'),
(64, '4692', 12500000.00, 'macet', '2022-05-14', 12500000.00, 'Sektor Perdagangan'),
(65, '4694', 8749000.00, 'macet', '2022-05-14', 8749000.00, 'Sektor Perdagangan'),
(66, '4696', 6197000.00, 'macet', '2022-05-14', 6197000.00, 'Sektor Perdagangan'),
(67, '4710', 12128000.00, 'macet', '2022-05-14', 12128000.00, 'Sektor Industri'),
(68, '4714', 16480000.00, 'macet', '2022-05-14', 16480000.00, 'Sektor Peternakan'),
(69, '4723', 3580000.00, 'macet', '2022-05-14', 3580000.00, 'Sektor Perdagangan'),
(70, '4726', 16900000.00, 'kurang lancar', '2022-05-14', 590751.39, 'Sektor Perdagangan'),
(71, '4727', 4503520.00, 'macet', '2022-05-14', 4503520.00, 'Sektor Peternakan'),
(72, '4728', 16064000.00, 'kurang lancar', '2022-05-14', 561528.42, 'Sektor Perdagangan'),
(73, '4729', 6775520.00, 'macet', '2022-05-14', 6775520.00, 'Sektor Perdagangan'),
(74, '4730', 18666000.00, 'kurang lancar', '2022-05-14', 652483.16, 'Sektor Perdagangan'),
(75, '4732', 18182000.00, 'kurang lancar', '2022-05-14', 635564.60, 'Sektor Peternakan'),
(76, '4734', 16586000.00, 'kurang lancar', '2022-05-14', 579775.30, 'Sektor Perdagangan'),
(77, '4735', 17198000.00, 'kurang lancar', '2022-05-14', 601168.19, 'Sektor Perdagangan'),
(78, '4736', 17231000.00, 'kurang lancar', '2022-05-14', 602321.73, 'Sektor Perdagangan'),
(79, '4737', 19066000.00, 'kurang lancar', '2022-05-14', 666465.44, 'Sektor Perdagangan'),
(80, '4738', 16998000.00, 'kurang lancar', '2022-05-14', 594177.05, 'Sektor Peternakan'),
(81, '4739', 19600000.00, 'kurang lancar', '2022-05-14', 685131.79, 'Sektor Perdagangan'),
(82, '4740', 12862000.00, 'macet', '2022-05-14', 12862000.00, 'Sektor Perdagangan'),
(83, '4741', 13340000.00, 'macet', '2022-05-14', 13340000.00, 'Sektor Industri'),
(84, '4745', 7941000.00, 'macet', '2022-05-14', 7941000.00, 'Sektor Perdagangan'),
(85, '4747', 15666000.00, 'macet', '2022-05-14', 15666000.00, 'Sektor Lain-lain'),
(86, '4753', 17498000.00, 'kurang lancar', '2022-05-14', 611654.90, 'Sektor Industri'),
(87, '4764', 18332000.00, 'kurang lancar', '2022-05-14', 640807.96, 'Sektor Perdagangan'),
(88, '4779', 11664000.00, 'macet', '2022-05-14', 11664000.00, 'Sektor Perdagangan'),
(89, '4783', 16698000.00, 'kurang lancar', '2022-05-14', 583690.34, 'Sektor Perdagangan'),
(90, '4787', 11198000.00, 'macet', '2022-05-14', 11198000.00, 'Sektor Peternakan'),
(91, '4804', 10625000.00, 'macet', '2022-05-14', 10625000.00, 'Sektor Perdagangan'),
(92, '4806', 16664000.00, 'kurang lancar', '2022-05-14', 582501.84, 'Sektor Peternakan'),
(93, '4807', 12492000.00, 'macet', '2022-05-14', 12492000.00, 'Sektor Industri'),
(94, '4808', 19800000.00, 'kurang lancar', '2022-05-14', 692122.93, 'Sektor Perdagangan'),
(95, '4810', 14163000.00, 'macet', '2022-05-14', 14163000.00, 'Sektor Perdagangan'),
(96, '4811', 10750000.00, 'macet', '2022-05-14', 10750000.00, 'Sektor Perdagangan'),
(97, '4812', 5100000.00, 'macet', '2022-05-14', 5100000.00, 'Sektor Perdagangan'),
(98, '4823', 1871880.00, 'diragukan', '2022-05-14', 163422.89, 'Sektor Perdagangan'),
(99, '4824', 12800000.00, 'macet', '2022-05-14', 12800000.00, 'Sektor Peternakan'),
(100, '4829', 17350000.00, 'macet', '2022-05-14', 17350000.00, 'Sektor Peternakan'),
(101, '4830', 10939500.00, 'macet', '2022-05-14', 10939500.00, 'Sektor Peternakan'),
(102, '4834', 8627202.00, 'macet', '2022-05-14', 8627202.00, 'Sektor Perdagangan'),
(103, '4836', 9163000.00, 'macet', '2022-05-14', 9163000.00, 'Sektor Perdagangan'),
(104, '4837', 15830000.00, 'kurang lancar', '2022-05-14', 553348.79, 'Sektor Peternakan'),
(105, '4838', 14375000.00, 'kurang lancar', '2022-05-14', 502488.24, 'Sektor Perdagangan'),
(106, '4841', 4494439.00, 'macet', '2022-05-14', 4494439.00, 'Sektor Perdagangan'),
(107, '4843', 1930880.00, 'kurang lancar', '2022-05-14', 67495.27, 'Sektor Industri'),
(108, '4845', 2000000.00, 'macet', '2022-05-14', 2000000.00, 'Sektor Industri'),
(109, '4849', 6016625.00, 'macet', '2022-05-14', 6016625.00, 'Sektor Perdagangan'),
(110, '4854', 19790000.00, 'kurang lancar', '2022-05-14', 691773.37, 'Sektor Perdagangan'),
(111, '4870', 11700000.00, 'macet', '2022-05-14', 11700000.00, 'Sektor Pertanian'),
(112, '4876', 14345000.00, 'macet', '2022-05-14', 14345000.00, 'Sektor Perdagangan'),
(113, '4882', 17498000.00, 'macet', '2022-05-14', 17498000.00, 'Sektor Peternakan'),
(114, '4883', 18332000.00, 'macet', '2022-05-14', 18332000.00, 'Sektor Peternakan'),
(115, '4884', 15078000.00, 'macet', '2022-05-14', 15078000.00, 'Sektor Perdagangan'),
(116, '4885', 11660000.00, 'macet', '2022-05-14', 11660000.00, 'Sektor Perdagangan'),
(117, '4887', 4395000.00, 'macet', '2022-05-14', 4395000.00, 'Sektor Perdagangan'),
(118, '4893', 14060000.00, 'kurang lancar', '2022-05-14', 491477.19, 'Sektor Perdagangan'),
(119, '4913', 10362000.00, 'macet', '2022-05-14', 10362000.00, 'Sektor Perdagangan'),
(120, '4921', 21500000.00, 'kurang lancar', '2022-05-14', 751547.63, 'Sektor Industri'),
(121, '4923', 43748000.00, 'kurang lancar', '2022-05-14', 1529242.12, 'Sektor Industri'),
(122, '4924', 9570000.00, 'macet', '2022-05-14', 9570000.00, 'Sektor Perdagangan'),
(123, '4927', 12500000.00, 'macet', '2022-05-14', 12500000.00, 'Sektor Industri'),
(124, '4934', 20225000.00, 'kurang lancar', '2022-05-14', 706979.10, 'Sektor Perdagangan'),
(125, '4936', 27000000.00, 'kurang lancar', '2022-05-14', 943804.00, 'Sektor Industri'),
(126, '4942', 10238000.00, 'macet', '2022-05-14', 10238000.00, 'Sektor Perdagangan'),
(127, '4943', 6611000.00, 'macet', '2022-05-14', 6611000.00, 'Sektor Jasa'),
(128, '4949', 11240000.00, 'macet', '2022-05-14', 11240000.00, 'Sektor Industri'),
(129, '4954', 13260000.00, 'macet', '2022-05-14', 13260000.00, 'Sektor Jasa'),
(130, '4955', 18382000.00, 'kurang lancar', '2022-05-14', 642555.74, 'Sektor Perdagangan'),
(131, '4957', 27254000.00, 'kurang lancar', '2022-05-14', 952682.74, 'Sektor Perdagangan'),
(132, '4967', 17500000.00, 'macet', '2022-05-14', 17500000.00, 'Sektor Perikanan'),
(133, '4970', 5348000.00, 'macet', '2022-05-14', 5348000.00, 'Sektor Perdagangan'),
(134, '4973', 6534000.00, 'macet', '2022-05-14', 6534000.00, 'Sektor Perdagangan'),
(135, '4975', 8979000.00, 'macet', '2022-05-14', 8979000.00, 'Sektor Jasa'),
(136, '4977', 12011000.00, 'macet', '2022-05-14', 12011000.00, 'Sektor Perdagangan'),
(137, '4978', 13128000.00, 'macet', '2022-05-14', 13128000.00, 'Sektor Perdagangan'),
(138, '4980', 4162000.00, 'macet', '2022-05-14', 4162000.00, 'Sektor Jasa'),
(139, '4981', 7944000.00, 'macet', '2022-05-14', 7944000.00, 'Sektor Perdagangan'),
(140, '4982', 4464000.00, 'macet', '2022-05-14', 4464000.00, 'Sektor Perdagangan'),
(141, '4983', 12494000.00, 'macet', '2022-05-14', 12494000.00, 'Sektor Perdagangan'),
(142, '4984', 22150000.00, 'kurang lancar', '2022-05-14', 774268.83, 'Sektor Jasa'),
(143, '4985', 6247000.00, 'macet', '2022-05-14', 6247000.00, 'Sektor Peternakan'),
(144, '4990', 8790000.00, 'macet', '2022-05-14', 8790000.00, 'Sektor Perdagangan'),
(145, '5001', 23026000.00, 'kurang lancar', '2022-05-14', 804890.03, 'Sektor Perdagangan'),
(146, '5002', 24207000.00, 'kurang lancar', '2022-05-14', 846172.72, 'Sektor Peternakan'),
(147, '5003', 34550000.00, 'kurang lancar', '2022-05-14', 1207719.56, 'Sektor Perdagangan'),
(148, '5005', 36300000.00, 'macet', '2022-05-14', 36300000.00, 'Sektor Perdagangan'),
(149, '5006', 65625000.00, 'macet', '2022-05-14', 65625000.00, 'Sektor Perdagangan'),
(150, '5012', 14762000.00, 'macet', '2022-05-14', 14762000.00, 'Sektor Perdagangan'),
(151, '5013', 7226000.00, 'macet', '2022-05-14', 7226000.00, 'Sektor Industri'),
(152, '5014', 10403000.00, 'macet', '2022-05-14', 10403000.00, 'Sektor Perdagangan'),
(153, '5015', 6634000.00, 'diragukan', '2022-05-14', 579175.72, 'Sektor Perdagangan'),
(154, '5016', 11200000.00, 'macet', '2022-05-14', 11200000.00, 'Sektor Perdagangan'),
(155, '5020', 11890000.00, 'macet', '2022-05-14', 11890000.00, 'Sektor Peternakan'),
(156, '5024', 16014000.00, 'kurang lancar', '2022-05-14', 559780.64, 'Sektor Perdagangan'),
(157, '5025', 12780000.00, 'macet', '2022-05-14', 12780000.00, 'Sektor Peternakan'),
(158, '5030', 33499000.00, 'macet', '2022-05-14', 33499000.00, 'Sektor Perdagangan'),
(159, '5034', 35000000.00, 'macet', '2022-05-14', 35000000.00, 'Sektor Industri'),
(160, '5036', 38550000.00, 'macet', '2022-05-14', 38550000.00, 'Sektor Jasa'),
(161, '5037', 9847500.00, 'lancar', '2022-05-14', 202316.43, 'Sektor Industri'),
(162, '5038', 8316000.00, 'lancar', '2022-05-14', 170851.83, 'Sektor Jasa'),
(163, '5039', 4000000.00, 'lancar', '2022-05-14', 82179.81, 'Sektor Perdagangan'),
(164, '5041', 3370000.00, 'lancar', '2022-05-14', 69236.49, 'Sektor Perdagangan'),
(165, '5042', 8316500.00, 'lancar', '2022-05-14', 170862.10, 'Sektor Pertanian'),
(166, '5043', 5300000.00, 'lancar', '2022-05-14', 108888.25, 'Sektor Pertanian'),
(167, '5044', 5032000.00, 'kurang lancar', '2022-05-14', 175897.10, 'Sektor Perdagangan');
INSERT INTO `piutangtdkbermasalahapr22` (`id`, `nokontrak`, `sisapinjaman`, `status`, `tgl`, `alokasisisih`, `sektor`) VALUES
(168, '5047', 8260000.00, 'lancar', '2022-05-14', 169701.31, 'Sektor Perdagangan'),
(169, '5048', 11060000.00, 'lancar', '2022-05-14', 227227.18, 'Sektor Perdagangan'),
(170, '5049', 11950000.00, 'lancar', '2022-05-14', 245512.19, 'Sektor Perdagangan'),
(171, '5050', 6749500.00, 'kurang lancar', '2022-05-14', 235933.52, 'Sektor Perdagangan'),
(172, '5051', 2412500.00, 'lancar', '2022-05-14', 49564.70, 'Sektor Peternakan'),
(173, '5052', 4142000.00, 'lancar', '2022-05-14', 85097.20, 'Sektor Perdagangan'),
(174, '5053', 13262000.00, 'macet', '2022-05-14', 13262000.00, 'Sektor Industri'),
(175, '5054', 18938500.00, 'lancar', '2022-05-14', 389090.60, 'Sektor Jasa'),
(176, '5055', 24000000.00, 'kurang lancar', '2022-05-14', 838936.88, 'Sektor Perdagangan'),
(177, '5057', 11550000.00, 'lancar', '2022-05-14', 237294.21, 'Sektor Perdagangan'),
(178, '5058', 18325000.00, 'lancar', '2022-05-14', 376486.27, 'Sektor Perdagangan'),
(179, '5059', 11550000.00, 'lancar', '2022-05-14', 237294.21, 'Sektor Industri'),
(180, '5060', 22857000.00, 'kurang lancar', '2022-05-14', 798982.52, 'Sektor Perdagangan'),
(181, '5061', 19700000.00, 'lancar', '2022-05-14', 404735.58, 'Sektor Perdagangan'),
(182, '5062', 18166000.00, 'lancar', '2022-05-14', 373219.62, 'Sektor Perdagangan'),
(183, '5063', 22500000.00, 'lancar', '2022-05-14', 462261.45, 'Sektor Perdagangan'),
(184, '5064', 35800000.00, 'kurang lancar', '2022-05-14', 1251414.19, 'Sektor Perdagangan'),
(185, '5065', 37491000.00, 'diragukan', '2022-05-14', 3273119.82, 'Sektor Peternakan'),
(186, '5066', 3765500.00, 'lancar', '2022-05-14', 77362.02, 'Sektor Jasa'),
(187, '5067', 24850000.00, 'diragukan', '2022-05-14', 2169508.08, 'Sektor Jasa'),
(188, '5068', 5825000.00, 'lancar', '2022-05-14', 119674.35, 'Sektor Perdagangan'),
(189, '5069', 16887000.00, 'lancar', '2022-05-14', 346942.62, 'Sektor Industri'),
(190, '5070', 32064000.00, 'diragukan', '2022-05-14', 2799320.21, 'Sektor Perdagangan'),
(191, '5071', 35283000.00, 'macet', '2022-05-14', 35283000.00, 'Sektor Jasa'),
(192, '5072', 24992000.00, 'lancar', '2022-05-14', 513459.47, 'Sektor Perdagangan'),
(193, '5073', 12490000.00, 'lancar', '2022-05-14', 256606.47, 'Sektor Perdagangan'),
(194, '5074', 24992000.00, 'lancar', '2022-05-14', 513459.47, 'Sektor Perdagangan'),
(195, '5075', 28447000.00, 'kurang lancar', '2022-05-14', 994384.90, 'Sektor Jasa'),
(196, '5076', 15617500.00, 'kurang lancar', '2022-05-14', 545920.70, 'Sektor Industri'),
(197, '5077', 27201000.00, 'kurang lancar', '2022-05-14', 950830.09, 'Sektor Perdagangan'),
(198, '5078', 25600000.00, 'lancar', '2022-05-14', 525950.80, 'Sektor Perdagangan'),
(199, '5079', 53025000.00, 'lancar', '2022-05-14', 1089396.14, 'Sektor Pertanian'),
(200, '5080', 50000000.00, 'lancar', '2022-05-14', 1027247.66, 'Sektor Perikanan'),
(201, '5081', 33330000.00, 'kurang lancar', '2022-05-14', 1165073.60, 'Sektor Perikanan'),
(202, '5082', 50000000.00, 'lancar', '2022-05-14', 1027247.66, 'Sektor Pertanian'),
(203, '5083', 35462000.00, 'lancar', '2022-05-14', 728565.13, 'Sektor Pertanian'),
(204, '5084', 33332000.00, 'kurang lancar', '2022-05-14', 1165143.51, 'Sektor Perdagangan'),
(205, '5085', 41912000.00, 'kurang lancar', '2022-05-14', 1465063.45, 'Sektor Perdagangan'),
(206, '5086', 33328000.00, 'lancar', '2022-05-14', 684722.20, 'Sektor Industri'),
(207, '5087', 22500000.00, 'lancar', '2022-05-14', 462261.45, 'Sektor Perdagangan'),
(208, '5088', 52495500.00, 'lancar', '2022-05-14', 1078517.59, 'Sektor Industri'),
(209, '5089', 45000000.00, 'lancar', '2022-05-14', 924522.89, 'Sektor Perdagangan'),
(210, '5090', 32800000.00, 'lancar', '2022-05-14', 673874.46, 'Sektor Industri'),
(211, '5091', 30565000.00, 'lancar', '2022-05-14', 627956.49, 'Sektor Jasa'),
(212, '5092', 46107000.00, 'kurang lancar', '2022-05-14', 1611702.62, 'Sektor Perkebunan'),
(213, '5093', 67500000.00, 'lancar', '2022-05-14', 1386784.34, 'Sektor Perdagangan'),
(214, '5094', 45000000.00, 'lancar', '2022-05-14', 924522.89, 'Sektor Perdagangan'),
(215, '5095', 34200000.00, 'kurang lancar', '2022-05-14', 1195485.06, 'Sektor Perdagangan'),
(216, '5096', 59996000.00, 'lancar', '2022-05-14', 1232615.01, 'Sektor Perdagangan'),
(217, '5097', 79100000.00, 'lancar', '2022-05-14', 1625105.80, 'Sektor Perdagangan'),
(218, '5098', 18432000.00, 'kurang lancar', '2022-05-14', 644303.53, 'Sektor Jasa'),
(219, '5099', 54016000.00, 'lancar', '2022-05-14', 1109756.19, 'Sektor Perdagangan'),
(220, '5100', 33233000.00, 'lancar', '2022-05-14', 682770.43, 'Sektor Perikanan'),
(221, '5101', 75000000.00, 'lancar', '2022-05-14', 1540871.49, 'Sektor Perdagangan'),
(222, '5102', 75000000.00, 'lancar', '2022-05-14', 1540871.49, 'Sektor Jasa'),
(223, '5103', 79160500.00, 'lancar', '2022-05-14', 1626348.77, 'Sektor Jasa'),
(224, '5104', 33332000.00, 'lancar', '2022-05-14', 684804.38, 'Sektor Perdagangan'),
(225, '5105', 13400000.00, 'lancar', '2022-05-14', 275302.37, 'Sektor Perikanan'),
(226, '5106', 33332000.00, 'lancar', '2022-05-14', 684804.38, 'Sektor Jasa'),
(227, '5107', 26250000.00, 'lancar', '2022-05-14', 539305.02, 'Sektor Perdagangan'),
(228, '5108', 34600000.00, 'lancar', '2022-05-14', 710855.38, 'Sektor Jasa'),
(229, '5109', 34966000.00, 'lancar', '2022-05-14', 718374.83, 'Sektor Peternakan'),
(230, '5110', 25950000.00, 'lancar', '2022-05-14', 533141.54, 'Sektor Industri'),
(231, '5111', 45500000.00, 'lancar', '2022-05-14', 934795.37, 'Sektor Perdagangan'),
(232, '5112', 65625000.00, 'lancar', '2022-05-14', 1348262.55, 'Sektor Industri'),
(233, '5113', 75000000.00, 'lancar', '2022-05-14', 1540871.49, 'Sektor Perdagangan'),
(234, '5114', 20000000.00, 'lancar', '2022-05-14', 410899.06, 'Sektor Perdagangan'),
(235, '5115', 50000000.00, 'lancar', '2022-05-14', 1027247.66, 'Sektor Industri'),
(236, '5116', 20000000.00, 'lancar', '2022-05-14', 410899.06, 'Sektor Industri'),
(237, '5117', 40000000.00, 'lancar', '2022-05-14', 821798.13, 'Sektor Jasa'),
(238, '5118', 75000000.00, 'lancar', '2022-05-14', 1540871.49, 'Sektor Perdagangan'),
(239, '5119', 80000000.00, 'lancar', '2022-05-14', 1643596.26, 'Sektor Industri');



INSERT INTO `piutangtdkbermasalahfeb22` (`id`, `nokontrak`, `sisapinjaman`, `status`, `tgl`, `alokasisisih`, `sektor`) VALUES
(731, '3971', 10659000.00, 'kurang lancar', '2022-03-14', 304838.84, 'Sektor Jasa');
INSERT INTO `piutangtdkbermasalahfeb22` (`id`, `nokontrak`, `sisapinjaman`, `status`, `tgl`, `alokasisisih`, `sektor`) VALUES
(732, '3974', 3983000.00, 'macet', '2022-03-14', 3983000.00, 'Sektor Industri');
INSERT INTO `piutangtdkbermasalahfeb22` (`id`, `nokontrak`, `sisapinjaman`, `status`, `tgl`, `alokasisisih`, `sektor`) VALUES
(733, '4001', 5923980.00, 'macet', '2022-03-14', 5923980.00, 'Sektor Industri');
INSERT INTO `piutangtdkbermasalahfeb22` (`id`, `nokontrak`, `sisapinjaman`, `status`, `tgl`, `alokasisisih`, `sektor`) VALUES
(734, '4045', 5200000.00, 'macet', '2022-03-14', 5200000.00, 'Sektor Perdagangan'),
(735, '4095', 4364000.00, 'macet', '2022-03-14', 4364000.00, 'Sektor Industri'),
(736, '4097', 4500000.00, 'macet', '2022-03-14', 4500000.00, 'Sektor Perdagangan'),
(737, '4112', 45900000.00, 'kurang lancar', '2022-03-14', 1312703.13, 'Sektor Perdagangan'),
(738, '4115', 4125000.00, 'macet', '2022-03-14', 4125000.00, 'Sektor Perdagangan'),
(739, '4116', 4900000.00, 'macet', '2022-03-14', 4900000.00, 'Sektor Perdagangan'),
(740, '4117', 14275000.00, 'kurang lancar', '2022-03-14', 408253.53, 'Sektor Perdagangan'),
(741, '4149', 1067000.00, 'macet', '2022-03-14', 1067000.00, 'Sektor Perdagangan'),
(742, '4194', 5915000.00, 'macet', '2022-03-14', 5915000.00, 'Sektor Perdagangan'),
(744, '4212', 350000.00, 'macet', '2022-03-14', 350000.00, 'Sektor Industri'),
(745, '4229', 17974997.00, 'lancar', '2022-03-14', 318068.69, 'Sektor Perdagangan'),
(746, '4251', 4020000.00, 'macet', '2022-03-14', 4020000.00, 'Sektor Perdagangan'),
(747, '4254', 32578000.00, 'kurang lancar', '2022-03-14', 931704.63, 'Sektor Perdagangan'),
(748, '4261', 15296000.00, 'kurang lancar', '2022-03-14', 437453.31, 'Sektor Perdagangan'),
(749, '4279', 9100000.00, 'macet', '2022-03-14', 9100000.00, 'Sektor Perdagangan'),
(750, '4292', 9760000.00, 'macet', '2022-03-14', 9760000.00, 'Sektor Perdagangan'),
(751, '4349', 2562000.00, 'macet', '2022-03-14', 2562000.00, 'Sektor Peternakan'),
(752, '4351', 10175000.00, 'kurang lancar', '2022-03-14', 290996.83, 'Sektor Jasa'),
(753, '4393', 16883000.00, 'kurang lancar', '2022-03-14', 482840.24, 'Sektor Industri'),
(754, '4405', 8599000.00, 'macet', '2022-03-14', 8599000.00, 'Sektor Industri'),
(755, '4419', 10000000.00, 'macet', '2022-03-14', 10000000.00, 'Sektor Perdagangan'),
(756, '4421', 18765000.00, 'macet', '2022-03-14', 18765000.00, 'Sektor Industri'),
(757, '4448', 8749000.00, 'macet', '2022-03-14', 8749000.00, 'Sektor Perdagangan'),
(758, '4455', 12825000.00, 'macet', '2022-03-14', 12825000.00, 'Sektor Industri'),
(759, '4456', 7480000.00, 'macet', '2022-03-14', 7480000.00, 'Sektor Industri'),
(760, '4493', 7703000.00, 'macet', '2022-03-14', 7703000.00, 'Sektor Perdagangan'),
(761, '4494', 7825000.00, 'macet', '2022-03-14', 7825000.00, 'Sektor Industri'),
(762, '4499', 9748000.00, 'macet', '2022-03-14', 9748000.00, 'Sektor Peternakan'),
(763, '4500', 7338000.00, 'macet', '2022-03-14', 7338000.00, 'Sektor Perdagangan'),
(764, '4501', 10150000.00, 'macet', '2022-03-14', 10150000.00, 'Sektor Perdagangan'),
(765, '4503', 10100000.00, 'macet', '2022-03-14', 10100000.00, 'Sektor Perdagangan'),
(766, '4506', 5586334.00, 'macet', '2022-03-14', 5586334.00, 'Sektor Perdagangan'),
(767, '4509', 2500000.00, 'macet', '2022-03-14', 2500000.00, 'Sektor Industri'),
(768, '4514', 4326000.00, 'macet', '2022-03-14', 4326000.00, 'Sektor Industri'),
(769, '4517', 6318000.00, 'macet', '2022-03-14', 6318000.00, 'Sektor Perikanan'),
(770, '4518', 2661000.00, 'macet', '2022-03-14', 2661000.00, 'Sektor Perdagangan'),
(771, '4526', 5312000.00, 'macet', '2022-03-14', 5312000.00, 'Sektor Industri'),
(772, '4530', 41248000.00, 'kurang lancar', '2022-03-14', 1179659.67, 'Sektor Perikanan'),
(773, '4547', 6873000.00, 'macet', '2022-03-14', 6873000.00, 'Sektor Perdagangan'),
(774, '4567', 5393000.00, 'macet', '2022-03-14', 5393000.00, 'Sektor Perdagangan'),
(775, '4571', 8125000.00, 'macet', '2022-03-14', 8125000.00, 'Sektor Peternakan'),
(776, '4579', 22200000.00, 'kurang lancar', '2022-03-14', 634902.17, 'Sektor Perdagangan'),
(777, '4600', 43400000.00, 'kurang lancar', '2022-03-14', 1241205.14, 'Sektor Industri'),
(778, '4628', 8200000.00, 'macet', '2022-03-14', 8200000.00, 'Sektor Perikanan'),
(779, '4629', 5025000.00, 'macet', '2022-03-14', 5025000.00, 'Sektor Perdagangan'),
(780, '4653', 8749000.00, 'macet', '2022-03-14', 8749000.00, 'Sektor Pertanian'),
(781, '4671', 1220640.00, 'macet', '2022-03-14', 1220640.00, 'Sektor Perikanan'),
(782, '4673', 18250000.00, 'kurang lancar', '2022-03-14', 521935.34, 'Sektor Peternakan'),
(783, '4674', 3703000.00, 'macet', '2022-03-14', 3703000.00, 'Sektor Perdagangan'),
(784, '4676', 10675000.00, 'macet', '2022-03-14', 10675000.00, 'Sektor Peternakan'),
(785, '4677', 11125000.00, 'macet', '2022-03-14', 11125000.00, 'Sektor Industri'),
(786, '4678', 328640.00, 'macet', '2022-03-14', 328640.00, 'Sektor Industri'),
(787, '4679', 14375000.00, 'kurang lancar', '2022-03-14', 411113.45, 'Sektor Pertanian'),
(788, '4680', 9583000.00, 'macet', '2022-03-14', 9583000.00, 'Sektor Perdagangan'),
(789, '4681', 7770000.00, 'macet', '2022-03-14', 7770000.00, 'Sektor Industri'),
(790, '4683', 9879000.00, 'macet', '2022-03-14', 9879000.00, 'Sektor Perdagangan'),
(791, '4684', 14275000.00, 'kurang lancar', '2022-03-14', 408253.53, 'Sektor Perdagangan'),
(792, '4687', 12200000.00, 'macet', '2022-03-14', 12200000.00, 'Sektor Industri'),
(793, '4689', 12500000.00, 'macet', '2022-03-14', 12500000.00, 'Sektor Perdagangan'),
(794, '4691', 41360.00, 'macet', '2022-03-14', 41360.00, 'Sektor Perdagangan'),
(795, '4692', 12500000.00, 'macet', '2022-03-14', 12500000.00, 'Sektor Perdagangan'),
(796, '4694', 8749000.00, 'macet', '2022-03-14', 8749000.00, 'Sektor Perdagangan'),
(797, '4696', 6197000.00, 'macet', '2022-03-14', 6197000.00, 'Sektor Perdagangan'),
(798, '4710', 12128000.00, 'macet', '2022-03-14', 12128000.00, 'Sektor Industri'),
(799, '4714', 16480000.00, 'macet', '2022-03-14', 16480000.00, 'Sektor Peternakan'),
(800, '4723', 3580000.00, 'macet', '2022-03-14', 3580000.00, 'Sektor Perdagangan'),
(801, '4726', 16900000.00, 'kurang lancar', '2022-03-14', 483326.43, 'Sektor Perdagangan'),
(802, '4727', 4503520.00, 'macet', '2022-03-14', 4503520.00, 'Sektor Peternakan'),
(803, '4728', 16064000.00, 'kurang lancar', '2022-03-14', 459417.50, 'Sektor Perdagangan'),
(804, '4729', 6775520.00, 'macet', '2022-03-14', 6775520.00, 'Sektor Perdagangan'),
(805, '4730', 18666000.00, 'kurang lancar', '2022-03-14', 533832.61, 'Sektor Perdagangan'),
(806, '4732', 18182000.00, 'kurang lancar', '2022-03-14', 519990.60, 'Sektor Peternakan'),
(807, '4734', 16586000.00, 'kurang lancar', '2022-03-14', 474346.28, 'Sektor Perdagangan'),
(808, '4735', 17198000.00, 'kurang lancar', '2022-03-14', 491848.99, 'Sektor Perdagangan'),
(809, '4736', 17231000.00, 'kurang lancar', '2022-03-14', 492792.76, 'Sektor Perdagangan'),
(810, '4737', 19066000.00, 'kurang lancar', '2022-03-14', 545272.29, 'Sektor Perdagangan'),
(811, '4738', 16998000.00, 'kurang lancar', '2022-03-14', 486129.15, 'Sektor Peternakan'),
(812, '4739', 19600000.00, 'kurang lancar', '2022-03-14', 560544.26, 'Sektor Perdagangan'),
(813, '4740', 12862000.00, 'macet', '2022-03-14', 12862000.00, 'Sektor Perdagangan'),
(814, '4741', 13340000.00, 'macet', '2022-03-14', 13340000.00, 'Sektor Industri'),
(815, '4745', 7941000.00, 'macet', '2022-03-14', 7941000.00, 'Sektor Perdagangan'),
(816, '4747', 15666000.00, 'macet', '2022-03-14', 15666000.00, 'Sektor Lain-lain'),
(817, '4753', 17498000.00, 'kurang lancar', '2022-03-14', 500428.75, 'Sektor Industri'),
(818, '4764', 18332000.00, 'kurang lancar', '2022-03-14', 524280.48, 'Sektor Perdagangan'),
(819, '4779', 11664000.00, 'macet', '2022-03-14', 11664000.00, 'Sektor Perdagangan'),
(820, '4783', 16698000.00, 'kurang lancar', '2022-03-14', 477549.39, 'Sektor Perdagangan'),
(821, '4787', 11198000.00, 'macet', '2022-03-14', 11198000.00, 'Sektor Peternakan'),
(822, '4804', 10625000.00, 'macet', '2022-03-14', 10625000.00, 'Sektor Perdagangan'),
(823, '4806', 16664000.00, 'kurang lancar', '2022-03-14', 476577.01, 'Sektor Peternakan'),
(824, '4807', 12492000.00, 'macet', '2022-03-14', 12492000.00, 'Sektor Industri'),
(825, '4808', 19800000.00, 'kurang lancar', '2022-03-14', 566264.10, 'Sektor Perdagangan'),
(826, '4810', 14163000.00, 'macet', '2022-03-14', 14163000.00, 'Sektor Perdagangan'),
(827, '4811', 10750000.00, 'macet', '2022-03-14', 10750000.00, 'Sektor Perdagangan'),
(828, '4812', 5100000.00, 'macet', '2022-03-14', 5100000.00, 'Sektor Perdagangan'),
(829, '4823', 1871880.00, 'kurang lancar', '2022-03-14', 53534.26, 'Sektor Perdagangan'),
(830, '4824', 12800000.00, 'macet', '2022-03-14', 12800000.00, 'Sektor Peternakan'),
(831, '4829', 17350000.00, 'macet', '2022-03-14', 17350000.00, 'Sektor Peternakan'),
(832, '4830', 10939500.00, 'macet', '2022-03-14', 10939500.00, 'Sektor Peternakan'),
(833, '4834', 8627202.00, 'macet', '2022-03-14', 8627202.00, 'Sektor Perdagangan'),
(834, '4836', 9163000.00, 'macet', '2022-03-14', 9163000.00, 'Sektor Perdagangan');
INSERT INTO `piutangtdkbermasalahfeb22` (`id`, `nokontrak`, `sisapinjaman`, `status`, `tgl`, `alokasisisih`, `sektor`) VALUES
(835, '4837', 15830000.00, 'kurang lancar', '2022-03-14', 452725.28, 'Sektor Peternakan');
INSERT INTO `piutangtdkbermasalahfeb22` (`id`, `nokontrak`, `sisapinjaman`, `status`, `tgl`, `alokasisisih`, `sektor`) VALUES
(836, '4838', 14375000.00, 'kurang lancar', '2022-03-14', 411113.45, 'Sektor Perdagangan'),
(837, '4841', 4494439.00, 'macet', '2022-03-14', 4494439.00, 'Sektor Perdagangan'),
(838, '4843', 3106380.00, 'diragukan', '2022-03-14', 187976.54, 'Sektor Industri'),
(839, '4845', 2000000.00, 'macet', '2022-03-14', 2000000.00, 'Sektor Industri'),
(840, '4849', 6016625.00, 'macet', '2022-03-14', 6016625.00, 'Sektor Perdagangan'),
(841, '4854', 19790000.00, 'kurang lancar', '2022-03-14', 565978.10, 'Sektor Perdagangan'),
(842, '4870', 11700000.00, 'macet', '2022-03-14', 11700000.00, 'Sektor Pertanian'),
(843, '4876', 14345000.00, 'macet', '2022-03-14', 14345000.00, 'Sektor Perdagangan'),
(844, '4881', 360000.00, 'lancar', '2022-03-14', 6370.22, 'Sektor Peternakan'),
(845, '4882', 17498000.00, 'macet', '2022-03-14', 17498000.00, 'Sektor Peternakan'),
(846, '4883', 18332000.00, 'macet', '2022-03-14', 18332000.00, 'Sektor Peternakan'),
(847, '4884', 15078000.00, 'macet', '2022-03-14', 15078000.00, 'Sektor Perdagangan'),
(848, '4885', 11660000.00, 'macet', '2022-03-14', 11660000.00, 'Sektor Perdagangan'),
(849, '4887', 4948000.00, 'macet', '2022-03-14', 4948000.00, 'Sektor Perdagangan'),
(850, '4893', 15560000.00, 'lancar', '2022-03-14', 275335.16, 'Sektor Perdagangan'),
(851, '4913', 11362000.00, 'diragukan', '2022-03-14', 687549.30, 'Sektor Perdagangan'),
(852, '4921', 21500000.00, 'lancar', '2022-03-14', 380443.83, 'Sektor Industri'),
(853, '4923', 43748000.00, 'kurang lancar', '2022-03-14', 1251157.66, 'Sektor Industri'),
(854, '4924', 9570000.00, 'macet', '2022-03-14', 9570000.00, 'Sektor Perdagangan'),
(855, '4927', 12500000.00, 'macet', '2022-03-14', 12500000.00, 'Sektor Industri'),
(856, '4934', 20225000.00, 'kurang lancar', '2022-03-14', 578418.75, 'Sektor Perdagangan'),
(857, '4936', 27000000.00, 'kurang lancar', '2022-03-14', 772178.31, 'Sektor Industri'),
(858, '4942', 11238000.00, 'macet', '2022-03-14', 11238000.00, 'Sektor Perdagangan'),
(859, '4943', 6611000.00, 'macet', '2022-03-14', 6611000.00, 'Sektor Jasa'),
(860, '4949', 11240000.00, 'diragukan', '2022-03-14', 680166.71, 'Sektor Industri'),
(861, '4954', 13260000.00, 'diragukan', '2022-03-14', 802403.08, 'Sektor Jasa'),
(862, '4955', 18382000.00, 'kurang lancar', '2022-03-14', 525710.43, 'Sektor Perdagangan'),
(863, '4957', 27254000.00, 'kurang lancar', '2022-03-14', 779442.51, 'Sektor Perdagangan'),
(864, '4967', 17500000.00, 'macet', '2022-03-14', 17500000.00, 'Sektor Perikanan'),
(865, '4970', 5348000.00, 'macet', '2022-03-14', 5348000.00, 'Sektor Perdagangan'),
(866, '4971', 6100000.00, 'macet', '2022-03-14', 6100000.00, 'Sektor Perdagangan'),
(867, '4973', 6534000.00, 'macet', '2022-03-14', 6534000.00, 'Sektor Perdagangan'),
(868, '4975', 9532000.00, 'macet', '2022-03-14', 9532000.00, 'Sektor Jasa'),
(869, '4977', 12011000.00, 'macet', '2022-03-14', 12011000.00, 'Sektor Perdagangan'),
(870, '4978', 13128000.00, 'macet', '2022-03-14', 13128000.00, 'Sektor Perdagangan'),
(871, '4980', 4162000.00, 'macet', '2022-03-14', 4162000.00, 'Sektor Jasa'),
(872, '4981', 7944000.00, 'macet', '2022-03-14', 7944000.00, 'Sektor Perdagangan'),
(873, '4982', 4464000.00, 'diragukan', '2022-03-14', 270130.27, 'Sektor Perdagangan'),
(874, '4983', 12494000.00, 'macet', '2022-03-14', 12494000.00, 'Sektor Perdagangan'),
(875, '4984', 22150000.00, 'kurang lancar', '2022-03-14', 633472.21, 'Sektor Jasa'),
(876, '4985', 6247000.00, 'macet', '2022-03-14', 6247000.00, 'Sektor Peternakan'),
(877, '4990', 8790000.00, 'macet', '2022-03-14', 8790000.00, 'Sektor Perdagangan'),
(878, '5001', 23026000.00, 'kurang lancar', '2022-03-14', 658525.10, 'Sektor Perdagangan'),
(879, '5002', 24207000.00, 'kurang lancar', '2022-03-14', 692300.76, 'Sektor Peternakan'),
(880, '5003', 35150000.00, 'kurang lancar', '2022-03-14', 1005261.77, 'Sektor Perdagangan'),
(881, '5005', 38300000.00, 'diragukan', '2022-03-14', 2317649.91, 'Sektor Perdagangan'),
(882, '5006', 65625000.00, 'macet', '2022-03-14', 65625000.00, 'Sektor Perdagangan'),
(883, '5012', 14762000.00, 'macet', '2022-03-14', 14762000.00, 'Sektor Perdagangan'),
(884, '5013', 9876000.00, 'macet', '2022-03-14', 9876000.00, 'Sektor Industri'),
(885, '5014', 10403000.00, 'macet', '2022-03-14', 10403000.00, 'Sektor Perdagangan'),
(886, '5015', 6634000.00, 'diragukan', '2022-03-14', 401443.59, 'Sektor Perdagangan'),
(887, '5016', 11600000.00, 'macet', '2022-03-14', 11600000.00, 'Sektor Perdagangan'),
(888, '5020', 11890000.00, 'macet', '2022-03-14', 11890000.00, 'Sektor Peternakan'),
(889, '5024', 16014000.00, 'kurang lancar', '2022-03-14', 457987.54, 'Sektor Perdagangan'),
(890, '5025', 12780000.00, 'macet', '2022-03-14', 12780000.00, 'Sektor Peternakan'),
(891, '5027', 550500.00, 'lancar', '2022-03-14', 9741.13, 'Sektor Industri'),
(892, '5030', 33499000.00, 'macet', '2022-03-14', 33499000.00, 'Sektor Perdagangan'),
(893, '5034', 35000000.00, 'macet', '2022-03-14', 35000000.00, 'Sektor Industri'),
(894, '5036', 38550000.00, 'macet', '2022-03-14', 38550000.00, 'Sektor Jasa'),
(895, '5037', 12347500.00, 'lancar', '2022-03-14', 218489.78, 'Sektor Industri'),
(896, '5038', 12484000.00, 'lancar', '2022-03-14', 220905.15, 'Sektor Jasa'),
(897, '5039', 7800000.00, 'lancar', '2022-03-14', 138021.48, 'Sektor Perdagangan'),
(898, '5041', 5038000.00, 'lancar', '2022-03-14', 89147.72, 'Sektor Perdagangan'),
(899, '5042', 12484500.00, 'lancar', '2022-03-14', 220914.00, 'Sektor Pertanian'),
(900, '5043', 9100000.00, 'lancar', '2022-03-14', 161025.06, 'Sektor Pertanian'),
(901, '5044', 6532000.00, 'kurang lancar', '2022-03-14', 186809.95, 'Sektor Perdagangan'),
(902, '5046', 20408000.00, 'kurang lancar', '2022-03-14', 583652.41, 'Sektor Industri'),
(903, '5047', 13934000.00, 'lancar', '2022-03-14', 246562.99, 'Sektor Perdagangan'),
(904, '5048', 16534000.00, 'lancar', '2022-03-14', 292570.15, 'Sektor Perdagangan'),
(905, '5049', 18275000.00, 'lancar', '2022-03-14', 323377.26, 'Sektor Perdagangan'),
(906, '5050', 8417500.00, 'kurang lancar', '2022-03-14', 240733.74, 'Sektor Perdagangan'),
(907, '5051', 3667500.00, 'lancar', '2022-03-14', 64896.64, 'Sektor Peternakan'),
(908, '5052', 5810000.00, 'lancar', '2022-03-14', 102808.31, 'Sektor Perdagangan'),
(909, '5053', 14162000.00, 'macet', '2022-03-14', 14162000.00, 'Sektor Industri'),
(910, '5054', 24357500.00, 'lancar', '2022-03-14', 431007.47, 'Sektor Jasa'),
(911, '5055', 29000000.00, 'kurang lancar', '2022-03-14', 829376.71, 'Sektor Perdagangan'),
(912, '5056', 18600000.00, 'lancar', '2022-03-14', 329128.15, 'Sektor Perdagangan'),
(913, '5057', 17250000.00, 'lancar', '2022-03-14', 305239.82, 'Sektor Perdagangan'),
(914, '5058', 26875000.00, 'lancar', '2022-03-14', 475554.79, 'Sektor Perdagangan'),
(915, '5059', 17250000.00, 'lancar', '2022-03-14', 305239.82, 'Sektor Industri'),
(916, '5060', 24957000.00, 'kurang lancar', '2022-03-14', 713750.15, 'Sektor Perdagangan'),
(917, '5061', 22200000.00, 'lancar', '2022-03-14', 392830.38, 'Sektor Perdagangan'),
(918, '5062', 22416000.00, 'lancar', '2022-03-14', 396652.51, 'Sektor Perdagangan'),
(919, '5063', 27500000.00, 'lancar', '2022-03-14', 486614.20, 'Sektor Perdagangan'),
(920, '5064', 38300000.00, 'kurang lancar', '2022-03-14', 1095349.24, 'Sektor Perdagangan'),
(921, '5065', 37491000.00, 'diragukan', '2022-03-14', 2268694.85, 'Sektor Peternakan'),
(922, '5066', 9590500.00, 'lancar', '2022-03-14', 169704.49, 'Sektor Jasa'),
(923, '5067', 24850000.00, 'kurang lancar', '2022-03-14', 710690.04, 'Sektor Jasa'),
(924, '5068', 6750000.00, 'lancar', '2022-03-14', 119441.67, 'Sektor Perdagangan'),
(925, '5069', 20637000.00, 'lancar', '2022-03-14', 365172.99, 'Sektor Industri'),
(926, '5070', 32064000.00, 'kurang lancar', '2022-03-14', 917004.65, 'Sektor Perdagangan'),
(927, '5071', 36383000.00, 'diragukan', '2022-03-14', 2201646.39, 'Sektor Jasa'),
(928, '5072', 29160000.00, 'lancar', '2022-03-14', 515988.01, 'Sektor Perdagangan'),
(929, '5073', 14575000.00, 'lancar', '2022-03-14', 257905.53, 'Sektor Perdagangan'),
(930, '5074', 29160000.00, 'lancar', '2022-03-14', 515988.01, 'Sektor Perdagangan'),
(931, '5075', 32367000.00, 'kurang lancar', '2022-03-14', 925670.20, 'Sektor Jasa'),
(932, '5076', 17702500.00, 'kurang lancar', '2022-03-14', 506277.28, 'Sektor Industri'),
(933, '5077', 29160000.00, 'lancar', '2022-03-14', 515988.01, 'Sektor Perdagangan'),
(934, '5078', 29200000.00, 'lancar', '2022-03-14', 516695.81, 'Sektor Perdagangan'),
(935, '5079', 59275000.00, 'lancar', '2022-03-14', 1048874.80, 'Sektor Pertanian'),
(936, '5080', 56250000.00, 'lancar', '2022-03-14', 995347.24, 'Sektor Perikanan'),
(937, '5081', 33330000.00, 'kurang lancar', '2022-03-14', 953211.23, 'Sektor Perikanan'),
(938, '5082', 56250000.00, 'lancar', '2022-03-14', 995347.24, 'Sektor Pertanian'),
(939, '5083', 39630000.00, 'lancar', '2022-03-14', 701255.31, 'Sektor Pertanian'),
(940, '5084', 33332000.00, 'kurang lancar', '2022-03-14', 953268.43, 'Sektor Perdagangan'),
(941, '5085', 41912000.00, 'kurang lancar', '2022-03-14', 1198649.53, 'Sektor Perdagangan'),
(942, '5086', 37496000.00, 'lancar', '2022-03-14', 663494.04, 'Sektor Industri'),
(943, '5087', 25000000.00, 'lancar', '2022-03-14', 442376.55, 'Sektor Perdagangan'),
(944, '5088', 58332000.00, 'lancar', '2022-03-14', 1032188.36, 'Sektor Industri'),
(945, '5089', 50000000.00, 'lancar', '2022-03-14', 884753.10, 'Sektor Perdagangan'),
(946, '5090', 36850000.00, 'lancar', '2022-03-14', 652063.03, 'Sektor Industri'),
(947, '5091', 33332000.00, 'lancar', '2022-03-14', 589811.81, 'Sektor Jasa'),
(948, '5092', 48399000.00, 'kurang lancar', '2022-03-14', 1384172.52, 'Sektor Perkebunan'),
(949, '5093', 75000000.00, 'lancar', '2022-03-14', 1327129.65, 'Sektor Perdagangan'),
(950, '5094', 52300000.00, 'lancar', '2022-03-14', 925451.74, 'Sektor Perdagangan'),
(951, '5095', 35800000.00, 'kurang lancar', '2022-03-14', 1023851.24, 'Sektor Perdagangan'),
(952, '5096', 66598000.00, 'lancar', '2022-03-14', 1178455.74, 'Sektor Perdagangan'),
(953, '5097', 87100000.00, 'lancar', '2022-03-14', 1541239.90, 'Sektor Perdagangan'),
(954, '5098', 19166000.00, 'lancar', '2022-03-14', 339143.56, 'Sektor Jasa'),
(955, '5099', 59450000.00, 'lancar', '2022-03-14', 1051971.43, 'Sektor Perdagangan'),
(956, '5100', 36600000.00, 'lancar', '2022-03-14', 647639.27, 'Sektor Perikanan'),
(957, '5101', 82500000.00, 'lancar', '2022-03-14', 1459842.61, 'Sektor Perdagangan'),
(958, '5102', 82500000.00, 'lancar', '2022-03-14', 1459842.61, 'Sektor Jasa'),
(959, '5103', 87078500.00, 'lancar', '2022-03-14', 1540859.45, 'Sektor Jasa'),
(960, '5104', 36666000.00, 'lancar', '2022-03-14', 648807.14, 'Sektor Perdagangan'),
(961, '5105', 15200000.00, 'lancar', '2022-03-14', 268964.94, 'Sektor Perikanan'),
(962, '5106', 36666000.00, 'lancar', '2022-03-14', 648807.14, 'Sektor Jasa'),
(963, '5107', 28750000.00, 'lancar', '2022-03-14', 508733.03, 'Sektor Perdagangan'),
(964, '5108', 38300000.00, 'lancar', '2022-03-14', 677720.87, 'Sektor Jasa'),
(965, '5109', 38300000.00, 'lancar', '2022-03-14', 677720.87, 'Sektor Peternakan'),
(966, '5110', 28650000.00, 'lancar', '2022-03-14', 506963.53, 'Sektor Industri'),
(967, '5111', 47750000.00, 'lancar', '2022-03-14', 844939.21, 'Sektor Perdagangan'),
(968, '5112', 71875000.00, 'lancar', '2022-03-14', 1271832.58, 'Sektor Industri');

INSERT INTO `piutangtdkbermasalahjan22` (`id`, `nokontrak`, `sisapinjaman`, `status`, `tgl`, `alokasisisih`, `sektor`) VALUES
(731, '3971', 10659000.00, 'lancar', '2022-02-23', 209426.75, 'Sektor Jasa');
INSERT INTO `piutangtdkbermasalahjan22` (`id`, `nokontrak`, `sisapinjaman`, `status`, `tgl`, `alokasisisih`, `sektor`) VALUES
(732, '3974', 3983000.00, 'macet', '2022-02-23', 3983000.00, 'Sektor Industri');
INSERT INTO `piutangtdkbermasalahjan22` (`id`, `nokontrak`, `sisapinjaman`, `status`, `tgl`, `alokasisisih`, `sektor`) VALUES
(733, '4001', 5923980.00, 'macet', '2022-02-23', 5923980.00, 'Sektor Industri');
INSERT INTO `piutangtdkbermasalahjan22` (`id`, `nokontrak`, `sisapinjaman`, `status`, `tgl`, `alokasisisih`, `sektor`) VALUES
(734, '4045', 5200000.00, 'macet', '2022-02-23', 5200000.00, 'Sektor Perdagangan'),
(735, '4095', 4364000.00, 'macet', '2022-02-23', 4364000.00, 'Sektor Industri'),
(736, '4097', 4500000.00, 'macet', '2022-02-23', 4500000.00, 'Sektor Perdagangan'),
(737, '4112', 45900000.00, 'lancar', '2022-02-23', 901837.68, 'Sektor Perdagangan'),
(738, '4115', 4125000.00, 'macet', '2022-02-23', 4125000.00, 'Sektor Perdagangan'),
(739, '4116', 4900000.00, 'macet', '2022-02-23', 4900000.00, 'Sektor Perdagangan'),
(740, '4117', 14275000.00, 'lancar', '2022-02-23', 280473.48, 'Sektor Perdagangan'),
(741, '4149', 1067000.00, 'macet', '2022-02-23', 1067000.00, 'Sektor Perdagangan'),
(742, '4194', 5915000.00, 'macet', '2022-02-23', 5915000.00, 'Sektor Perdagangan'),
(744, '4212', 350000.00, 'macet', '2022-02-23', 350000.00, 'Sektor Industri'),
(745, '4229', 20500000.00, 'lancar', '2022-02-23', 402781.53, 'Sektor Perdagangan'),
(746, '4251', 4020000.00, 'macet', '2022-02-23', 4020000.00, 'Sektor Perdagangan'),
(747, '4254', 32578000.00, 'lancar', '2022-02-23', 640088.63, 'Sektor Perdagangan'),
(748, '4261', 15296000.00, 'lancar', '2022-02-23', 300533.97, 'Sektor Perdagangan'),
(749, '4279', 9100000.00, 'macet', '2022-02-23', 9100000.00, 'Sektor Perdagangan'),
(750, '4292', 9760000.00, 'macet', '2022-02-23', 9760000.00, 'Sektor Perdagangan'),
(751, '4349', 2562000.00, 'macet', '2022-02-23', 2562000.00, 'Sektor Peternakan'),
(752, '4351', 10175000.00, 'lancar', '2022-02-23', 199917.18, 'Sektor Jasa'),
(753, '4393', 16883000.00, 'lancar', '2022-02-23', 331715.15, 'Sektor Industri'),
(754, '4405', 8599000.00, 'macet', '2022-02-23', 8599000.00, 'Sektor Industri'),
(755, '4419', 10000000.00, 'macet', '2022-02-23', 10000000.00, 'Sektor Perdagangan'),
(756, '4421', 18765000.00, 'macet', '2022-02-23', 18765000.00, 'Sektor Industri'),
(757, '4448', 8749000.00, 'macet', '2022-02-23', 8749000.00, 'Sektor Perdagangan'),
(758, '4455', 12825000.00, 'macet', '2022-02-23', 12825000.00, 'Sektor Industri'),
(759, '4456', 7480000.00, 'macet', '2022-02-23', 7480000.00, 'Sektor Industri'),
(760, '4493', 7703000.00, 'macet', '2022-02-23', 7703000.00, 'Sektor Perdagangan'),
(761, '4494', 7825000.00, 'macet', '2022-02-23', 7825000.00, 'Sektor Industri'),
(762, '4499', 9748000.00, 'macet', '2022-02-23', 9748000.00, 'Sektor Peternakan'),
(763, '4500', 7338000.00, 'macet', '2022-02-23', 7338000.00, 'Sektor Perdagangan'),
(764, '4501', 10150000.00, 'macet', '2022-02-23', 10150000.00, 'Sektor Perdagangan'),
(765, '4503', 10100000.00, 'macet', '2022-02-23', 10100000.00, 'Sektor Perdagangan'),
(766, '4506', 5586334.00, 'macet', '2022-02-23', 5586334.00, 'Sektor Perdagangan'),
(767, '4509', 2500000.00, 'macet', '2022-02-23', 2500000.00, 'Sektor Industri'),
(768, '4514', 4326000.00, 'macet', '2022-02-23', 4326000.00, 'Sektor Industri'),
(769, '4517', 6318000.00, 'macet', '2022-02-23', 6318000.00, 'Sektor Perikanan'),
(770, '4518', 2661000.00, 'macet', '2022-02-23', 2661000.00, 'Sektor Perdagangan'),
(771, '4526', 5312000.00, 'macet', '2022-02-23', 5312000.00, 'Sektor Industri'),
(772, '4530', 41248000.00, 'lancar', '2022-02-23', 810435.74, 'Sektor Perikanan'),
(773, '4547', 6873000.00, 'macet', '2022-02-23', 6873000.00, 'Sektor Perdagangan'),
(774, '4567', 5393000.00, 'macet', '2022-02-23', 5393000.00, 'Sektor Perdagangan'),
(775, '4571', 8125000.00, 'macet', '2022-02-23', 8125000.00, 'Sektor Peternakan'),
(776, '4579', 22200000.00, 'lancar', '2022-02-23', 436182.93, 'Sektor Perdagangan'),
(777, '4600', 43400000.00, 'lancar', '2022-02-23', 852717.98, 'Sektor Industri'),
(778, '4628', 8200000.00, 'macet', '2022-02-23', 8200000.00, 'Sektor Perikanan'),
(779, '4629', 5025000.00, 'macet', '2022-02-23', 5025000.00, 'Sektor Perdagangan'),
(780, '4653', 8749000.00, 'macet', '2022-02-23', 8749000.00, 'Sektor Pertanian'),
(781, '4671', 1220640.00, 'macet', '2022-02-23', 1220640.00, 'Sektor Perikanan'),
(782, '4673', 18250000.00, 'lancar', '2022-02-23', 358573.81, 'Sektor Peternakan'),
(783, '4674', 3703000.00, 'macet', '2022-02-23', 3703000.00, 'Sektor Perdagangan'),
(784, '4676', 10675000.00, 'macet', '2022-02-23', 10675000.00, 'Sektor Peternakan'),
(785, '4677', 11125000.00, 'macet', '2022-02-23', 11125000.00, 'Sektor Industri'),
(786, '4678', 328640.00, 'macet', '2022-02-23', 328640.00, 'Sektor Industri'),
(787, '4679', 14375000.00, 'lancar', '2022-02-23', 282438.27, 'Sektor Pertanian'),
(788, '4680', 9583000.00, 'macet', '2022-02-23', 9583000.00, 'Sektor Perdagangan'),
(789, '4681', 7770000.00, 'macet', '2022-02-23', 7770000.00, 'Sektor Industri'),
(790, '4683', 9879000.00, 'macet', '2022-02-23', 9879000.00, 'Sektor Perdagangan'),
(791, '4684', 14275000.00, 'lancar', '2022-02-23', 280473.48, 'Sektor Perdagangan'),
(792, '4687', 12200000.00, 'macet', '2022-02-23', 12200000.00, 'Sektor Industri'),
(793, '4689', 12500000.00, 'macet', '2022-02-23', 12500000.00, 'Sektor Perdagangan'),
(794, '4691', 41360.00, 'macet', '2022-02-23', 41360.00, 'Sektor Perdagangan'),
(795, '4692', 12500000.00, 'macet', '2022-02-23', 12500000.00, 'Sektor Perdagangan'),
(796, '4694', 8749000.00, 'macet', '2022-02-23', 8749000.00, 'Sektor Perdagangan'),
(797, '4696', 6197000.00, 'macet', '2022-02-23', 6197000.00, 'Sektor Perdagangan'),
(798, '4710', 12128000.00, 'macet', '2022-02-23', 12128000.00, 'Sektor Industri'),
(799, '4714', 16480000.00, 'macet', '2022-02-23', 16480000.00, 'Sektor Peternakan'),
(800, '4723', 3580000.00, 'macet', '2022-02-23', 3580000.00, 'Sektor Perdagangan'),
(801, '4726', 16900000.00, 'lancar', '2022-02-23', 332049.17, 'Sektor Perdagangan'),
(802, '4727', 4503520.00, 'diragukan', '2022-02-23', 272521.74, 'Sektor Peternakan'),
(803, '4728', 16064000.00, 'lancar', '2022-02-23', 315623.54, 'Sektor Perdagangan'),
(804, '4729', 6775520.00, 'macet', '2022-02-23', 6775520.00, 'Sektor Perdagangan'),
(805, '4730', 18666000.00, 'lancar', '2022-02-23', 366747.32, 'Sektor Perdagangan'),
(806, '4732', 18182000.00, 'lancar', '2022-02-23', 357237.75, 'Sektor Peternakan'),
(807, '4734', 16586000.00, 'lancar', '2022-02-23', 325879.73, 'Sektor Perdagangan'),
(808, '4735', 17198000.00, 'lancar', '2022-02-23', 337904.24, 'Sektor Perdagangan'),
(809, '4736', 17231000.00, 'lancar', '2022-02-23', 338552.62, 'Sektor Perdagangan'),
(810, '4737', 19066000.00, 'lancar', '2022-02-23', 374606.48, 'Sektor Perdagangan'),
(811, '4738', 16998000.00, 'lancar', '2022-02-23', 333974.66, 'Sektor Peternakan'),
(812, '4739', 19600000.00, 'lancar', '2022-02-23', 385098.44, 'Sektor Perdagangan'),
(813, '4740', 12862000.00, 'macet', '2022-02-23', 12862000.00, 'Sektor Perdagangan'),
(814, '4741', 13340000.00, 'macet', '2022-02-23', 13340000.00, 'Sektor Industri'),
(815, '4745', 7941000.00, 'macet', '2022-02-23', 7941000.00, 'Sektor Perdagangan'),
(816, '4747', 15666000.00, 'macet', '2022-02-23', 15666000.00, 'Sektor Lain-lain'),
(817, '4753', 17498000.00, 'lancar', '2022-02-23', 343798.60, 'Sektor Industri'),
(818, '4764', 18332000.00, 'lancar', '2022-02-23', 360184.93, 'Sektor Perdagangan'),
(819, '4779', 11664000.00, 'macet', '2022-02-23', 11664000.00, 'Sektor Perdagangan'),
(820, '4783', 16698000.00, 'lancar', '2022-02-23', 328080.30, 'Sektor Perdagangan'),
(821, '4787', 11198000.00, 'macet', '2022-02-23', 11198000.00, 'Sektor Peternakan'),
(822, '4804', 10625000.00, 'macet', '2022-02-23', 10625000.00, 'Sektor Perdagangan'),
(823, '4806', 16664000.00, 'lancar', '2022-02-23', 327412.27, 'Sektor Peternakan'),
(824, '4807', 12492000.00, 'macet', '2022-02-23', 12492000.00, 'Sektor Industri'),
(825, '4808', 19800000.00, 'lancar', '2022-02-23', 389028.02, 'Sektor Perdagangan'),
(826, '4810', 14163000.00, 'macet', '2022-02-23', 14163000.00, 'Sektor Perdagangan'),
(827, '4811', 10750000.00, 'macet', '2022-02-23', 10750000.00, 'Sektor Perdagangan'),
(828, '4812', 5100000.00, 'macet', '2022-02-23', 5100000.00, 'Sektor Perdagangan'),
(829, '4823', 2071880.00, 'kurang lancar', '2022-02-23', 63216.32, 'Sektor Perdagangan'),
(830, '4824', 12800000.00, 'macet', '2022-02-23', 12800000.00, 'Sektor Peternakan'),
(831, '4829', 17350000.00, 'macet', '2022-02-23', 17350000.00, 'Sektor Peternakan'),
(832, '4830', 10939500.00, 'macet', '2022-02-23', 10939500.00, 'Sektor Peternakan'),
(833, '4834', 8627202.00, 'macet', '2022-02-23', 8627202.00, 'Sektor Perdagangan'),
(834, '4836', 9163000.00, 'macet', '2022-02-23', 9163000.00, 'Sektor Perdagangan'),
(835, '4837', 15830000.00, 'lancar', '2022-02-23', 311025.94, 'Sektor Peternakan'),
(836, '4838', 14375000.00, 'lancar', '2022-02-23', 282438.27, 'Sektor Perdagangan'),
(837, '4841', 4494439.00, 'macet', '2022-02-23', 4494439.00, 'Sektor Perdagangan'),
(838, '4843', 3106380.00, 'kurang lancar', '2022-02-23', 94780.54, 'Sektor Industri'),
(839, '4845', 2000000.00, 'macet', '2022-02-23', 2000000.00, 'Sektor Industri'),
(840, '4849', 6016625.00, 'macet', '2022-02-23', 6016625.00, 'Sektor Perdagangan'),
(841, '4851', 7017000.00, 'macet', '2022-02-23', 7017000.00, 'Sektor Perdagangan'),
(842, '4854', 19790000.00, 'lancar', '2022-02-23', 388831.54, 'Sektor Perdagangan'),
(843, '4870', 11700000.00, 'macet', '2022-02-23', 11700000.00, 'Sektor Pertanian'),
(844, '4876', 14345000.00, 'macet', '2022-02-23', 14345000.00, 'Sektor Perdagangan'),
(845, '4881', 360000.00, 'lancar', '2022-02-23', 7073.24, 'Sektor Peternakan'),
(846, '4882', 17498000.00, 'macet', '2022-02-23', 17498000.00, 'Sektor Peternakan'),
(847, '4883', 18332000.00, 'macet', '2022-02-23', 18332000.00, 'Sektor Peternakan'),
(848, '4884', 15078000.00, 'macet', '2022-02-23', 15078000.00, 'Sektor Perdagangan'),
(849, '4885', 11660000.00, 'macet', '2022-02-23', 11660000.00, 'Sektor Perdagangan'),
(850, '4887', 4948000.00, 'macet', '2022-02-23', 4948000.00, 'Sektor Perdagangan'),
(851, '4893', 16560000.00, 'lancar', '2022-02-23', 325368.89, 'Sektor Perdagangan'),
(852, '4913', 12362000.00, 'diragukan', '2022-02-23', 748062.35, 'Sektor Perdagangan'),
(853, '4921', 23000000.00, 'lancar', '2022-02-23', 451901.23, 'Sektor Industri'),
(854, '4923', 43748000.00, 'lancar', '2022-02-23', 859555.44, 'Sektor Industri'),
(855, '4924', 9570000.00, 'macet', '2022-02-23', 9570000.00, 'Sektor Perdagangan'),
(856, '4927', 12500000.00, 'macet', '2022-02-23', 12500000.00, 'Sektor Industri'),
(857, '4934', 20225000.00, 'lancar', '2022-02-23', 397378.37, 'Sektor Perdagangan'),
(858, '4936', 27000000.00, 'lancar', '2022-02-23', 530492.75, 'Sektor Industri'),
(859, '4942', 11238000.00, 'macet', '2022-02-23', 11238000.00, 'Sektor Perdagangan'),
(860, '4943', 6611000.00, 'macet', '2022-02-23', 6611000.00, 'Sektor Jasa'),
(861, '4949', 11240000.00, 'diragukan', '2022-02-23', 680166.71, 'Sektor Industri'),
(862, '4954', 13260000.00, 'diragukan', '2022-02-23', 802403.08, 'Sektor Jasa'),
(863, '4955', 18382000.00, 'lancar', '2022-02-23', 361167.33, 'Sektor Perdagangan'),
(864, '4957', 27254000.00, 'lancar', '2022-02-23', 535483.31, 'Sektor Perdagangan'),
(865, '4967', 17500000.00, 'macet', '2022-02-23', 17500000.00, 'Sektor Perikanan'),
(866, '4970', 5348000.00, 'macet', '2022-02-23', 5348000.00, 'Sektor Perdagangan'),
(867, '4971', 8400000.00, 'macet', '2022-02-23', 8400000.00, 'Sektor Perdagangan'),
(868, '4973', 6534000.00, 'macet', '2022-02-23', 6534000.00, 'Sektor Perdagangan'),
(869, '4975', 10085000.00, 'macet', '2022-02-23', 10085000.00, 'Sektor Jasa'),
(870, '4977', 12011000.00, 'macet', '2022-02-23', 12011000.00, 'Sektor Perdagangan'),
(871, '4978', 13128000.00, 'macet', '2022-02-23', 13128000.00, 'Sektor Perdagangan'),
(872, '4980', 4162000.00, 'macet', '2022-02-23', 4162000.00, 'Sektor Jasa'),
(873, '4981', 7944000.00, 'macet', '2022-02-23', 7944000.00, 'Sektor Perdagangan'),
(874, '4982', 4464000.00, 'diragukan', '2022-02-23', 270130.27, 'Sektor Perdagangan'),
(875, '4983', 12494000.00, 'macet', '2022-02-23', 12494000.00, 'Sektor Perdagangan'),
(876, '4984', 22150000.00, 'lancar', '2022-02-23', 435200.54, 'Sektor Jasa'),
(877, '4985', 6247000.00, 'macet', '2022-02-23', 6247000.00, 'Sektor Peternakan'),
(878, '4990', 9790000.00, 'macet', '2022-02-23', 9790000.00, 'Sektor Perdagangan'),
(879, '5001', 23026000.00, 'lancar', '2022-02-23', 452412.08, 'Sektor Perdagangan'),
(880, '5002', 24207000.00, 'lancar', '2022-02-23', 475616.22, 'Sektor Peternakan'),
(881, '5003', 35150000.00, 'lancar', '2022-02-23', 690622.97, 'Sektor Perdagangan'),
(882, '5005', 40300000.00, 'diragukan', '2022-02-23', 2438676.01, 'Sektor Perdagangan'),
(883, '5006', 65625000.00, 'macet', '2022-02-23', 65625000.00, 'Sektor Perdagangan'),
(884, '5012', 14762000.00, 'macet', '2022-02-23', 14762000.00, 'Sektor Perdagangan'),
(885, '5013', 11205000.00, 'macet', '2022-02-23', 11205000.00, 'Sektor Industri'),
(886, '5014', 10403000.00, 'macet', '2022-02-23', 10403000.00, 'Sektor Perdagangan'),
(887, '5015', 6634000.00, 'kurang lancar', '2022-02-23', 202413.77, 'Sektor Perdagangan'),
(888, '5016', 11600000.00, 'macet', '2022-02-23', 11600000.00, 'Sektor Perdagangan'),
(889, '5020', 12785000.00, 'macet', '2022-02-23', 12785000.00, 'Sektor Peternakan'),
(890, '5022', 5300000.00, 'kurang lancar', '2022-02-23', 161711.33, 'Sektor Industri'),
(891, '5024', 16014000.00, 'lancar', '2022-02-23', 314641.15, 'Sektor Perdagangan'),
(892, '5025', 12780000.00, 'macet', '2022-02-23', 12780000.00, 'Sektor Peternakan'),
(893, '5027', 9400500.00, 'macet', '2022-02-23', 9400500.00, 'Sektor Industri'),
(894, '5030', 34166000.00, 'macet', '2022-02-23', 34166000.00, 'Sektor Perdagangan'),
(895, '5034', 35000000.00, 'macet', '2022-02-23', 35000000.00, 'Sektor Industri'),
(896, '5036', 38550000.00, 'diragukan', '2022-02-23', 2332778.17, 'Sektor Jasa'),
(897, '5037', 14847500.00, 'lancar', '2022-02-23', 291721.89, 'Sektor Industri'),
(898, '5038', 14568000.00, 'lancar', '2022-02-23', 286230.31, 'Sektor Jasa'),
(899, '5039', 9700000.00, 'lancar', '2022-02-23', 190584.43, 'Sektor Perdagangan'),
(900, '5041', 5772000.00, 'lancar', '2022-02-23', 113407.56, 'Sektor Perdagangan'),
(901, '5042', 14568500.00, 'lancar', '2022-02-23', 286240.14, 'Sektor Pertanian'),
(902, '5043', 10900000.00, 'lancar', '2022-02-23', 214161.89, 'Sektor Pertanian'),
(903, '5044', 7282000.00, 'kurang lancar', '2022-02-23', 222185.27, 'Sektor Perdagangan'),
(904, '5045', 18905000.00, 'lancar', '2022-02-23', 371443.17, 'Sektor Industri'),
(905, '5046', 20408000.00, 'lancar', '2022-02-23', 400973.93, 'Sektor Industri'),
(906, '5047', 16771000.00, 'lancar', '2022-02-23', 329514.59, 'Sektor Perdagangan'),
(907, '5048', 19271000.00, 'lancar', '2022-02-23', 378634.29, 'Sektor Perdagangan'),
(908, '5049', 21237500.00, 'lancar', '2022-02-23', 417271.85, 'Sektor Perdagangan'),
(909, '5050', 9201500.00, 'kurang lancar', '2022-02-23', 280752.23, 'Sektor Perdagangan'),
(910, '5051', 4295000.00, 'lancar', '2022-02-23', 84387.64, 'Sektor Peternakan'),
(911, '5052', 6644000.00, 'lancar', '2022-02-23', 130540.51, 'Sektor Perdagangan'),
(912, '5053', 14162000.00, 'macet', '2022-02-23', 14162000.00, 'Sektor Industri'),
(913, '5054', 27067000.00, 'lancar', '2022-02-23', 531809.16, 'Sektor Jasa'),
(914, '5055', 31500000.00, 'kurang lancar', '2022-02-23', 961114.53, 'Sektor Perdagangan'),
(915, '5056', 21550000.00, 'lancar', '2022-02-23', 423411.81, 'Sektor Perdagangan'),
(916, '5057', 20100000.00, 'lancar', '2022-02-23', 394922.38, 'Sektor Perdagangan'),
(917, '5058', 31150000.00, 'lancar', '2022-02-23', 612031.45, 'Sektor Perdagangan'),
(918, '5059', 20100000.00, 'lancar', '2022-02-23', 394922.38, 'Sektor Industri'),
(919, '5060', 25832000.00, 'kurang lancar', '2022-02-23', 788174.94, 'Sektor Perdagangan'),
(920, '5061', 24700000.00, 'lancar', '2022-02-23', 485302.63, 'Sektor Perdagangan'),
(921, '5062', 24541000.00, 'lancar', '2022-02-23', 482178.62, 'Sektor Perdagangan');
INSERT INTO `piutangtdkbermasalahjan22` (`id`, `nokontrak`, `sisapinjaman`, `status`, `tgl`, `alokasisisih`, `sektor`) VALUES
(922, '5063', 30000000.00, 'lancar', '2022-02-23', 589436.39, 'Sektor Perdagangan'),
(923, '5064', 40650000.00, 'kurang lancar', '2022-02-23', 1240295.42, 'Sektor Perdagangan'),
(924, '5065', 37491000.00, 'kurang lancar', '2022-02-23', 1143909.36, 'Sektor Peternakan'),
(925, '5066', 12503000.00, 'lancar', '2022-02-23', 245657.44, 'Sektor Jasa'),
(926, '5067', 24850000.00, 'kurang lancar', '2022-02-23', 758212.57, 'Sektor Jasa'),
(927, '5068', 6750000.00, 'lancar', '2022-02-23', 132623.19, 'Sektor Perdagangan'),
(928, '5069', 22512000.00, 'lancar', '2022-02-23', 442313.07, 'Sektor Industri'),
(929, '5070', 32064000.00, 'kurang lancar', '2022-02-23', 978323.06, 'Sektor Perdagangan'),
(930, '5071', 36783000.00, 'diragukan', '2022-02-23', 2225851.61, 'Sektor Jasa'),
(931, '5072', 31244000.00, 'lancar', '2022-02-23', 613878.35, 'Sektor Perdagangan'),
(932, '5073', 15617500.00, 'lancar', '2022-02-23', 306850.76, 'Sektor Perdagangan'),
(933, '5074', 31244000.00, 'lancar', '2022-02-23', 613878.35, 'Sektor Perdagangan'),
(934, '5075', 32367000.00, 'lancar', '2022-02-23', 635942.92, 'Sektor Jasa'),
(935, '5076', 18745000.00, 'kurang lancar', '2022-02-23', 571939.42, 'Sektor Industri'),
(936, '5077', 31244000.00, 'lancar', '2022-02-23', 613878.35, 'Sektor Perdagangan'),
(937, '5078', 31000000.00, 'lancar', '2022-02-23', 609084.27, 'Sektor Perdagangan'),
(938, '5079', 62400000.00, 'lancar', '2022-02-23', 1226027.70, 'Sektor Pertanian'),
(939, '5080', 59375000.00, 'lancar', '2022-02-23', 1166592.86, 'Sektor Perikanan'),
(940, '5081', 33330000.00, 'lancar', '2022-02-23', 654863.83, 'Sektor Perikanan'),
(941, '5082', 59375000.00, 'lancar', '2022-02-23', 1166592.86, 'Sektor Pertanian'),
(942, '5083', 41714000.00, 'lancar', '2022-02-23', 819591.66, 'Sektor Pertanian'),
(943, '5084', 33332000.00, 'lancar', '2022-02-23', 654903.13, 'Sektor Perdagangan'),
(944, '5085', 41912000.00, 'kurang lancar', '2022-02-23', 1278801.02, 'Sektor Perdagangan'),
(945, '5086', 39580000.00, 'lancar', '2022-02-23', 777663.08, 'Sektor Industri'),
(946, '5087', 26250000.00, 'lancar', '2022-02-23', 515756.84, 'Sektor Perdagangan'),
(947, '5088', 61249000.00, 'lancar', '2022-02-23', 1203412.99, 'Sektor Industri'),
(948, '5089', 52500000.00, 'lancar', '2022-02-23', 1031513.69, 'Sektor Perdagangan'),
(949, '5090', 38925000.00, 'lancar', '2022-02-23', 764793.72, 'Sektor Industri'),
(950, '5091', 34999000.00, 'lancar', '2022-02-23', 687656.14, 'Sektor Jasa'),
(951, '5092', 50416000.00, 'lancar', '2022-02-23', 990567.51, 'Sektor Perkebunan'),
(952, '5093', 78750000.00, 'lancar', '2022-02-23', 1547270.53, 'Sektor Perdagangan'),
(953, '5094', 52500000.00, 'lancar', '2022-02-23', 1031513.69, 'Sektor Perdagangan'),
(954, '5095', 36600000.00, 'lancar', '2022-02-23', 719112.40, 'Sektor Perdagangan'),
(955, '5096', 69998000.00, 'lancar', '2022-02-23', 1375312.29, 'Sektor Perdagangan'),
(956, '5097', 91025000.00, 'macet', '2022-02-23', 91025000.00, 'Sektor Perdagangan'),
(957, '5098', 19166000.00, 'lancar', '2022-02-23', 376571.26, 'Sektor Jasa'),
(958, '5099', 62225000.00, 'lancar', '2022-02-23', 1222589.32, 'Sektor Perdagangan'),
(959, '5100', 38300000.00, 'lancar', '2022-02-23', 752513.79, 'Sektor Perikanan'),
(960, '5101', 86250000.00, 'lancar', '2022-02-23', 1694629.63, 'Sektor Perdagangan'),
(961, '5102', 86250000.00, 'lancar', '2022-02-23', 1694629.63, 'Sektor Jasa'),
(962, '5103', 91041000.00, 'lancar', '2022-02-23', 1788762.62, 'Sektor Jasa'),
(963, '5104', 38333000.00, 'lancar', '2022-02-23', 753162.17, 'Sektor Perdagangan'),
(964, '5105', 19100000.00, 'lancar', '2022-02-23', 375274.50, 'Sektor Perikanan'),
(965, '5106', 38333000.00, 'lancar', '2022-02-23', 753162.17, 'Sektor Jasa'),
(966, '5107', 30000000.00, 'lancar', '2022-02-23', 589436.39, 'Sektor Perdagangan'),
(967, '5108', 40000000.00, 'lancar', '2022-02-23', 785915.19, 'Sektor Jasa'),
(968, '5109', 40000000.00, 'lancar', '2022-02-23', 785915.19, 'Sektor Peternakan'),
(969, '5110', 30000000.00, 'lancar', '2022-02-23', 589436.39, 'Sektor Industri'),
(970, '5111', 50000000.00, 'lancar', '2022-02-23', 982393.99, 'Sektor Perdagangan'),
(971, '5112', 75000000.00, 'lancar', '2022-02-23', 1473590.98, 'Sektor Industri');

INSERT INTO `piutangtdkbermasalahjan23` (`id`, `nokontrak`, `sisapinjaman`, `status`, `tgl`, `alokasisisih`, `sektor`) VALUES
(1, '3971', 10659000.00, 'macet', '2022-02-03', 10659000.00, 'Sektor Jasa');
INSERT INTO `piutangtdkbermasalahjan23` (`id`, `nokontrak`, `sisapinjaman`, `status`, `tgl`, `alokasisisih`, `sektor`) VALUES
(2, '3974', 3983000.00, 'macet', '2022-02-03', 3983000.00, 'Sektor Industri');
INSERT INTO `piutangtdkbermasalahjan23` (`id`, `nokontrak`, `sisapinjaman`, `status`, `tgl`, `alokasisisih`, `sektor`) VALUES
(3, '4001', 5923980.00, 'macet', '2022-02-03', 5923980.00, 'Sektor Industri');
INSERT INTO `piutangtdkbermasalahjan23` (`id`, `nokontrak`, `sisapinjaman`, `status`, `tgl`, `alokasisisih`, `sektor`) VALUES
(4, '4045', 5200000.00, 'macet', '2022-02-03', 5200000.00, 'Sektor Perdagangan'),
(5, '4095', 4364000.00, 'macet', '2022-02-03', 4364000.00, 'Sektor Industri'),
(6, '4097', 4500000.00, 'macet', '2022-02-03', 4500000.00, 'Sektor Perdagangan'),
(7, '4112', 45900000.00, 'macet', '2022-02-03', 45900000.00, 'Sektor Perdagangan'),
(8, '4115', 4125000.00, 'macet', '2022-02-03', 4125000.00, 'Sektor Perdagangan'),
(9, '4116', 4900000.00, 'macet', '2022-02-03', 4900000.00, 'Sektor Perdagangan'),
(10, '4117', 14275000.00, 'macet', '2022-02-03', 14275000.00, 'Sektor Perdagangan'),
(11, '4149', 1067000.00, 'macet', '2022-02-03', 1067000.00, 'Sektor Perdagangan'),
(12, '4194', 5915000.00, 'kurang lancar', '2022-02-03', 487800.35, 'Sektor Perdagangan'),
(13, '4212', 350000.00, 'macet', '2022-02-03', 350000.00, 'Sektor Industri'),
(14, '4229', 20500000.00, 'macet', '2022-02-03', 20500000.00, 'Sektor Perdagangan'),
(15, '4251', 4020000.00, 'macet', '2022-02-03', 4020000.00, 'Sektor Perdagangan'),
(16, '4254', 32578000.00, 'macet', '2022-02-03', 32578000.00, 'Sektor Perdagangan'),
(17, '4261', 15296000.00, 'macet', '2022-02-03', 15296000.00, 'Sektor Perdagangan'),
(18, '4279', 9100000.00, 'macet', '2022-02-03', 9100000.00, 'Sektor Perdagangan'),
(19, '4292', 9760000.00, 'macet', '2022-02-03', 9760000.00, 'Sektor Perdagangan'),
(20, '4349', 2562000.00, 'kurang lancar', '2022-02-03', 211283.94, 'Sektor Peternakan'),
(21, '4351', 10175000.00, 'macet', '2022-02-03', 10175000.00, 'Sektor Jasa'),
(22, '4393', 16883000.00, 'macet', '2022-02-03', 16883000.00, 'Sektor Industri'),
(23, '4405', 8599000.00, 'macet', '2022-02-03', 8599000.00, 'Sektor Industri'),
(24, '4419', 10000000.00, 'macet', '2022-02-03', 10000000.00, 'Sektor Perdagangan'),
(25, '4421', 18765000.00, 'macet', '2022-02-03', 18765000.00, 'Sektor Industri'),
(26, '4448', 8749000.00, 'macet', '2022-02-03', 8749000.00, 'Sektor Perdagangan'),
(27, '4455', 12825000.00, 'macet', '2022-02-03', 12825000.00, 'Sektor Industri'),
(28, '4456', 7480000.00, 'macet', '2022-02-03', 7480000.00, 'Sektor Industri'),
(29, '4493', 7703000.00, 'macet', '2022-02-03', 7703000.00, 'Sektor Perdagangan'),
(30, '4494', 7825000.00, 'macet', '2022-02-03', 7825000.00, 'Sektor Industri'),
(31, '4499', 9748000.00, 'macet', '2022-02-03', 9748000.00, 'Sektor Peternakan'),
(32, '4500', 7338000.00, 'macet', '2022-02-03', 7338000.00, 'Sektor Perdagangan'),
(33, '4501', 10150000.00, 'macet', '2022-02-03', 10150000.00, 'Sektor Perdagangan'),
(34, '4503', 10100000.00, 'macet', '2022-02-03', 10100000.00, 'Sektor Perdagangan'),
(35, '4506', 5586334.00, 'macet', '2022-02-03', 5586334.00, 'Sektor Perdagangan'),
(36, '4509', 2500000.00, 'macet', '2022-02-03', 2500000.00, 'Sektor Industri'),
(37, '4514', 4326000.00, 'macet', '2022-02-03', 4326000.00, 'Sektor Industri'),
(38, '4517', 6318000.00, 'macet', '2022-02-03', 6318000.00, 'Sektor Perikanan'),
(39, '4518', 2661000.00, 'macet', '2022-02-03', 2661000.00, 'Sektor Perdagangan'),
(40, '4526', 5312000.00, 'macet', '2022-02-03', 5312000.00, 'Sektor Industri'),
(41, '4530', 41248000.00, 'macet', '2022-02-03', 41248000.00, 'Sektor Perikanan'),
(42, '4547', 6873000.00, 'macet', '2022-02-03', 6873000.00, 'Sektor Perdagangan'),
(43, '4567', 5393000.00, 'macet', '2022-02-03', 5393000.00, 'Sektor Perdagangan'),
(44, '4571', 8125000.00, 'macet', '2022-02-03', 8125000.00, 'Sektor Peternakan'),
(45, '4579', 22200000.00, 'macet', '2022-02-03', 22200000.00, 'Sektor Perdagangan'),
(46, '4600', 43400000.00, 'macet', '2022-02-03', 43400000.00, 'Sektor Industri'),
(47, '4628', 8200000.00, 'macet', '2022-02-03', 8200000.00, 'Sektor Perikanan'),
(48, '4629', 5025000.00, 'macet', '2022-02-03', 5025000.00, 'Sektor Perdagangan'),
(49, '4653', 8749000.00, 'macet', '2022-02-03', 8749000.00, 'Sektor Pertanian'),
(50, '4671', 1220640.00, 'macet', '2022-02-03', 1220640.00, 'Sektor Perikanan'),
(51, '4673', 18250000.00, 'macet', '2022-02-03', 18250000.00, 'Sektor Peternakan'),
(52, '4674', 3703000.00, 'macet', '2022-02-03', 3703000.00, 'Sektor Perdagangan'),
(53, '4676', 10675000.00, 'macet', '2022-02-03', 10675000.00, 'Sektor Peternakan'),
(54, '4677', 11125000.00, 'macet', '2022-02-03', 11125000.00, 'Sektor Industri'),
(55, '4678', 328640.00, 'macet', '2022-02-03', 328640.00, 'Sektor Industri'),
(56, '4679', 14375000.00, 'macet', '2022-02-03', 14375000.00, 'Sektor Pertanian'),
(57, '4680', 9583000.00, 'macet', '2022-02-03', 9583000.00, 'Sektor Perdagangan'),
(58, '4681', 7770000.00, 'macet', '2022-02-03', 7770000.00, 'Sektor Industri'),
(59, '4683', 9879000.00, 'macet', '2022-02-03', 9879000.00, 'Sektor Perdagangan'),
(60, '4684', 14275000.00, 'macet', '2022-02-03', 14275000.00, 'Sektor Perdagangan'),
(61, '4687', 12200000.00, 'macet', '2022-02-03', 12200000.00, 'Sektor Industri'),
(62, '4689', 12500000.00, 'macet', '2022-02-03', 12500000.00, 'Sektor Perdagangan'),
(63, '4691', 41360.00, 'macet', '2022-02-03', 41360.00, 'Sektor Perdagangan'),
(64, '4692', 12500000.00, 'macet', '2022-02-03', 12500000.00, 'Sektor Perdagangan'),
(65, '4694', 8749000.00, 'macet', '2022-02-03', 8749000.00, 'Sektor Perdagangan'),
(66, '4696', 6197000.00, 'macet', '2022-02-03', 6197000.00, 'Sektor Perdagangan'),
(67, '4710', 12128000.00, 'macet', '2022-02-03', 12128000.00, 'Sektor Industri'),
(68, '4714', 16480000.00, 'macet', '2022-02-03', 16480000.00, 'Sektor Peternakan'),
(69, '4723', 3580000.00, 'macet', '2022-02-03', 3580000.00, 'Sektor Perdagangan'),
(70, '4726', 16900000.00, 'macet', '2022-02-03', 16900000.00, 'Sektor Perdagangan'),
(71, '4727', 4503520.00, 'macet', '2022-02-03', 4503520.00, 'Sektor Peternakan'),
(72, '4728', 16064000.00, 'macet', '2022-02-03', 16064000.00, 'Sektor Perdagangan'),
(73, '4729', 6775520.00, 'macet', '2022-02-03', 6775520.00, 'Sektor Perdagangan'),
(74, '4730', 18666000.00, 'macet', '2022-02-03', 18666000.00, 'Sektor Perdagangan'),
(75, '4732', 18182000.00, 'macet', '2022-02-03', 18182000.00, 'Sektor Peternakan'),
(76, '4734', 16586000.00, 'macet', '2022-02-03', 16586000.00, 'Sektor Perdagangan'),
(77, '4735', 17198000.00, 'macet', '2022-02-03', 17198000.00, 'Sektor Perdagangan'),
(78, '4736', 17231000.00, 'macet', '2022-02-03', 17231000.00, 'Sektor Perdagangan'),
(79, '4737', 19066000.00, 'macet', '2022-02-03', 19066000.00, 'Sektor Perdagangan'),
(80, '4738', 16998000.00, 'macet', '2022-02-03', 16998000.00, 'Sektor Peternakan'),
(81, '4739', 19600000.00, 'macet', '2022-02-03', 19600000.00, 'Sektor Perdagangan'),
(82, '4740', 12862000.00, 'macet', '2022-02-03', 12862000.00, 'Sektor Perdagangan'),
(83, '4741', 13340000.00, 'macet', '2022-02-03', 13340000.00, 'Sektor Industri'),
(84, '4745', 7941000.00, 'macet', '2022-02-03', 7941000.00, 'Sektor Perdagangan'),
(85, '4747', 15666000.00, 'macet', '2022-02-03', 15666000.00, 'Sektor Lain-lain'),
(86, '4753', 17498000.00, 'macet', '2022-02-03', 17498000.00, 'Sektor Industri'),
(87, '4764', 18332000.00, 'macet', '2022-02-03', 18332000.00, 'Sektor Perdagangan'),
(88, '4779', 11664000.00, 'macet', '2022-02-03', 11664000.00, 'Sektor Perdagangan'),
(89, '4783', 16698000.00, 'macet', '2022-02-03', 16698000.00, 'Sektor Perdagangan'),
(90, '4787', 11198000.00, 'macet', '2022-02-03', 11198000.00, 'Sektor Peternakan'),
(91, '4804', 10625000.00, 'macet', '2022-02-03', 10625000.00, 'Sektor Perdagangan'),
(92, '4806', 16664000.00, 'macet', '2022-02-03', 16664000.00, 'Sektor Peternakan'),
(93, '4807', 12492000.00, 'macet', '2022-02-03', 12492000.00, 'Sektor Industri'),
(94, '4808', 19800000.00, 'macet', '2022-02-03', 19800000.00, 'Sektor Perdagangan'),
(95, '4810', 14163000.00, 'macet', '2022-02-03', 14163000.00, 'Sektor Perdagangan'),
(96, '4811', 10750000.00, 'macet', '2022-02-03', 10750000.00, 'Sektor Perdagangan'),
(97, '4812', 5100000.00, 'macet', '2022-02-03', 5100000.00, 'Sektor Perdagangan'),
(98, '4823', 2071880.00, 'diragukan', '2022-02-03', 406917.23, 'Sektor Perdagangan'),
(99, '4824', 12800000.00, 'macet', '2022-02-03', 12800000.00, 'Sektor Peternakan'),
(100, '4829', 17350000.00, 'macet', '2022-02-03', 17350000.00, 'Sektor Peternakan'),
(101, '4830', 10939500.00, 'macet', '2022-02-03', 10939500.00, 'Sektor Peternakan'),
(102, '4834', 8627202.00, 'macet', '2022-02-03', 8627202.00, 'Sektor Perdagangan'),
(103, '4836', 9163000.00, 'macet', '2022-02-03', 9163000.00, 'Sektor Perdagangan'),
(104, '4837', 15830000.00, 'macet', '2022-02-03', 15830000.00, 'Sektor Peternakan'),
(105, '4838', 14375000.00, 'macet', '2022-02-03', 14375000.00, 'Sektor Perdagangan'),
(106, '4841', 4494439.00, 'macet', '2022-02-03', 4494439.00, 'Sektor Perdagangan'),
(107, '4843', 3106380.00, 'kurang lancar', '2022-02-03', 256178.06, 'Sektor Industri'),
(108, '4845', 2000000.00, 'macet', '2022-02-03', 2000000.00, 'Sektor Industri'),
(109, '4849', 6016625.00, 'macet', '2022-02-03', 6016625.00, 'Sektor Perdagangan'),
(110, '4854', 19790000.00, 'macet', '2022-02-03', 19790000.00, 'Sektor Perdagangan'),
(111, '4870', 11700000.00, 'macet', '2022-02-03', 11700000.00, 'Sektor Pertanian'),
(112, '4876', 14345000.00, 'macet', '2022-02-03', 14345000.00, 'Sektor Perdagangan'),
(113, '4881', 360000.00, 'diragukan', '2022-02-03', 70704.00, 'Sektor Peternakan'),
(114, '4882', 17498000.00, 'macet', '2022-02-03', 17498000.00, 'Sektor Peternakan'),
(115, '4883', 18332000.00, 'macet', '2022-02-03', 18332000.00, 'Sektor Peternakan'),
(116, '4884', 15078000.00, 'macet', '2022-02-03', 15078000.00, 'Sektor Perdagangan'),
(117, '4885', 11660000.00, 'macet', '2022-02-03', 11660000.00, 'Sektor Perdagangan'),
(118, '4887', 4948000.00, 'kurang lancar', '2022-02-03', 408053.45, 'Sektor Perdagangan'),
(119, '4893', 16560000.00, 'macet', '2022-02-03', 16560000.00, 'Sektor Perdagangan'),
(120, '4913', 12362000.00, 'kurang lancar', '2022-02-03', 1019473.87, 'Sektor Perdagangan');
INSERT INTO `piutangtdkbermasalahjan23` (`id`, `nokontrak`, `sisapinjaman`, `status`, `tgl`, `alokasisisih`, `sektor`) VALUES
(121, '4921', 23000000.00, 'kurang lancar', '2022-02-03', 1896772.28, 'Sektor Industri'),
(122, '4923', 43748000.00, 'macet', '2022-02-03', 43748000.00, 'Sektor Industri'),
(123, '4924', 9570000.00, 'macet', '2022-02-03', 9570000.00, 'Sektor Perdagangan'),
(124, '4927', 12500000.00, 'macet', '2022-02-03', 12500000.00, 'Sektor Industri'),
(125, '4934', 20225000.00, 'macet', '2022-02-03', 20225000.00, 'Sektor Perdagangan'),
(126, '4936', 27000000.00, 'macet', '2022-02-03', 27000000.00, 'Sektor Industri'),
(127, '4942', 11238000.00, 'kurang lancar', '2022-02-03', 926779.43, 'Sektor Perdagangan'),
(128, '4943', 6611000.00, 'macet', '2022-02-03', 6611000.00, 'Sektor Jasa'),
(129, '4949', 11240000.00, 'kurang lancar', '2022-02-03', 926944.37, 'Sektor Industri'),
(130, '4954', 13260000.00, 'diragukan', '2022-02-03', 2604264.00, 'Sektor Jasa'),
(131, '4955', 18382000.00, 'macet', '2022-02-03', 18382000.00, 'Sektor Perdagangan'),
(132, '4957', 27254000.00, 'macet', '2022-02-03', 27254000.00, 'Sektor Perdagangan'),
(133, '4967', 17500000.00, 'macet', '2022-02-03', 17500000.00, 'Sektor Perikanan'),
(134, '4970', 5744000.00, 'macet', '2022-02-03', 5744000.00, 'Sektor Perdagangan'),
(135, '4971', 6100000.00, 'kurang lancar', '2022-02-03', 503057.00, 'Sektor Perdagangan'),
(136, '4973', 6534000.00, 'diragukan', '2022-02-03', 1283277.60, 'Sektor Perdagangan'),
(137, '4975', 10085000.00, 'kurang lancar', '2022-02-03', 831693.41, 'Sektor Jasa'),
(138, '4977', 12011000.00, 'macet', '2022-02-03', 12011000.00, 'Sektor Perdagangan'),
(139, '4978', 13128000.00, 'macet', '2022-02-03', 13128000.00, 'Sektor Perdagangan'),
(140, '4980', 4162000.00, 'macet', '2022-02-03', 4162000.00, 'Sektor Jasa'),
(141, '4981', 7944000.00, 'macet', '2022-02-03', 7944000.00, 'Sektor Perdagangan'),
(142, '4982', 4464000.00, 'kurang lancar', '2022-02-03', 368138.76, 'Sektor Perdagangan'),
(143, '4983', 12494000.00, 'macet', '2022-02-03', 12494000.00, 'Sektor Perdagangan'),
(144, '4984', 22150000.00, 'macet', '2022-02-03', 22150000.00, 'Sektor Jasa'),
(145, '4985', 6247000.00, 'macet', '2022-02-03', 6247000.00, 'Sektor Peternakan'),
(146, '4990', 9790000.00, 'diragukan', '2022-02-03', 1922756.00, 'Sektor Perdagangan'),
(147, '4996', 3535500.00, 'diragukan', '2022-02-03', 694372.20, 'Sektor Jasa'),
(148, '5001', 23026000.00, 'macet', '2022-02-03', 23026000.00, 'Sektor Perdagangan'),
(149, '5002', 24207000.00, 'macet', '2022-02-03', 24207000.00, 'Sektor Peternakan'),
(150, '5003', 35500000.00, 'kurang lancar', '2022-02-03', 2927626.78, 'Sektor Perdagangan'),
(151, '5005', 40300000.00, 'kurang lancar', '2022-02-03', 3323474.91, 'Sektor Perdagangan'),
(152, '5006', 65625000.00, 'kurang lancar', '2022-02-03', 5411986.13, 'Sektor Perdagangan'),
(153, '5012', 14762000.00, 'macet', '2022-02-03', 14762000.00, 'Sektor Perdagangan'),
(154, '5013', 10540000.00, 'kurang lancar', '2022-02-03', 869216.51, 'Sektor Industri'),
(155, '5014', 10403000.00, 'macet', '2022-02-03', 10403000.00, 'Sektor Perdagangan'),
(156, '5015', 6634000.00, 'kurang lancar', '2022-02-03', 547095.10, 'Sektor Perdagangan'),
(157, '5016', 11600000.00, 'kurang lancar', '2022-02-03', 956632.98, 'Sektor Perdagangan'),
(158, '5020', 12785000.00, 'kurang lancar', '2022-02-03', 1054357.98, 'Sektor Peternakan'),
(159, '5022', 5300000.00, 'kurang lancar', '2022-02-03', 437082.31, 'Sektor Industri'),
(160, '5024', 16014000.00, 'macet', '2022-02-03', 16014000.00, 'Sektor Perdagangan'),
(161, '5025', 12780000.00, 'macet', '2022-02-03', 12780000.00, 'Sektor Peternakan'),
(162, '5026', 16750000.00, 'diragukan', '2022-02-03', 3289700.00, 'Sektor Perdagangan'),
(163, '5027', 9400500.00, 'kurang lancar', '2022-02-03', 775243.82, 'Sektor Industri'),
(164, '5028', 18316214.00, 'diragukan', '2022-02-03', 3597304.43, 'Sektor Peternakan'),
(165, '5029', 12296528.00, 'diragukan', '2022-02-03', 2415038.10, 'Sektor Jasa'),
(166, '5030', 34166000.00, 'macet', '2022-02-03', 34166000.00, 'Sektor Perdagangan'),
(167, '5032', 21574714.00, 'diragukan', '2022-02-03', 4237273.83, 'Sektor Perdagangan'),
(168, '5033', 60466500.00, 'diragukan', '2022-02-03', 11875620.60, 'Sektor Perdagangan'),
(169, '5034', 35000000.00, 'macet', '2022-02-03', 35000000.00, 'Sektor Industri'),
(170, '5036', 38550000.00, 'macet', '2022-02-03', 38550000.00, 'Sektor Jasa'),
(171, '5037', 14847500.00, 'kurang lancar', '2022-02-03', 1224448.98, 'Sektor Industri'),
(172, '5038', 16652000.00, 'kurang lancar', '2022-02-03', 1373263.13, 'Sektor Jasa'),
(173, '5039', 9700000.00, 'kurang lancar', '2022-02-03', 799943.09, 'Sektor Perdagangan'),
(174, '5040', 22445000.00, 'kurang lancar', '2022-02-03', 1851002.34, 'Sektor Industri'),
(175, '5041', 5772000.00, 'kurang lancar', '2022-02-03', 476007.37, 'Sektor Perdagangan'),
(176, '5042', 14568500.00, 'kurang lancar', '2022-02-03', 1201440.30, 'Sektor Pertanian'),
(177, '5043', 10900000.00, 'kurang lancar', '2022-02-03', 898905.12, 'Sektor Pertanian'),
(178, '5044', 7282000.00, 'kurang lancar', '2022-02-03', 600534.60, 'Sektor Perdagangan'),
(179, '5045', 18905000.00, 'kurang lancar', '2022-02-03', 1559064.35, 'Sektor Industri'),
(180, '5046', 20408000.00, 'kurang lancar', '2022-02-03', 1683014.29, 'Sektor Industri'),
(181, '5047', 16771000.00, 'kurang lancar', '2022-02-03', 1383076.87, 'Sektor Perdagangan'),
(182, '5048', 19271000.00, 'kurang lancar', '2022-02-03', 1589247.77, 'Sektor Perdagangan'),
(183, '5049', 21237500.00, 'kurang lancar', '2022-02-03', 1751421.80, 'Sektor Perdagangan'),
(184, '5050', 9201500.00, 'kurang lancar', '2022-02-03', 758832.61, 'Sektor Perdagangan'),
(185, '5051', 4295000.00, 'kurang lancar', '2022-02-03', 354201.61, 'Sektor Peternakan'),
(186, '5052', 6644000.00, 'kurang lancar', '2022-02-03', 547919.78, 'Sektor Perdagangan'),
(187, '5053', 14162000.00, 'macet', '2022-02-03', 14162000.00, 'Sektor Industri'),
(188, '5054', 29776500.00, 'kurang lancar', '2022-02-03', 2455619.12, 'Sektor Jasa'),
(189, '5055', 34000000.00, 'kurang lancar', '2022-02-03', 2803924.24, 'Sektor Perdagangan'),
(190, '5056', 21550000.00, 'kurang lancar', '2022-02-03', 1777193.16, 'Sektor Perdagangan'),
(191, '5057', 22950000.00, 'kurang lancar', '2022-02-03', 1892648.86, 'Sektor Perdagangan'),
(192, '5058', 35425000.00, 'kurang lancar', '2022-02-03', 2921441.65, 'Sektor Perdagangan'),
(193, '5059', 20100000.00, 'kurang lancar', '2022-02-03', 1657614.04, 'Sektor Industri'),
(194, '5060', 27207000.00, 'kurang lancar', '2022-02-03', 2243716.67, 'Sektor Perdagangan'),
(195, '5061', 24700000.00, 'kurang lancar', '2022-02-03', 2036968.49, 'Sektor Perdagangan'),
(196, '5062', 24541000.00, 'kurang lancar', '2022-02-03', 2023856.02, 'Sektor Perdagangan'),
(197, '5063', 30000000.00, 'kurang lancar', '2022-02-03', 2474050.80, 'Sektor Perdagangan'),
(198, '5064', 40650000.00, 'lancar', '2022-02-03', 1314787.29, 'Sektor Perdagangan'),
(199, '5065', 37491000.00, 'diragukan', '2022-02-03', 7363232.40, 'Sektor Peternakan'),
(200, '5066', 12503000.00, 'kurang lancar', '2022-02-03', 1031101.91, 'Sektor Jasa'),
(201, '5067', 24850000.00, 'kurang lancar', '2022-02-03', 2049338.75, 'Sektor Jasa'),
(202, '5068', 6750000.00, 'kurang lancar', '2022-02-03', 556661.43, 'Sektor Perdagangan'),
(203, '5069', 22512000.00, 'kurang lancar', '2022-02-03', 1856527.72, 'Sektor Industri'),
(204, '5070', 32064000.00, 'lancar', '2022-02-03', 1037080.93, 'Sektor Perdagangan'),
(205, '5071', 36783000.00, 'lancar', '2022-02-03', 1189712.69, 'Sektor Jasa'),
(206, '5072', 31244000.00, 'lancar', '2022-02-03', 1010558.77, 'Sektor Perdagangan'),
(207, '5073', 15617500.00, 'lancar', '2022-02-03', 505133.84, 'Sektor Perdagangan'),
(208, '5074', 31244000.00, 'lancar', '2022-02-03', 1010558.77, 'Sektor Perdagangan'),
(209, '5075', 34327000.00, 'lancar', '2022-02-03', 1110275.60, 'Sektor Jasa'),
(210, '5076', 18745000.00, 'lancar', '2022-02-03', 606289.98, 'Sektor Industri'),
(211, '5077', 31244000.00, 'lancar', '2022-02-03', 1010558.77, 'Sektor Perdagangan'),
(212, '5078', 31000000.00, 'lancar', '2022-02-03', 1002666.81, 'Sektor Perdagangan'),
(213, '5079', 62400000.00, 'lancar', '2022-02-03', 2018271.27, 'Sektor Pertanian'),
(214, '5080', 59375000.00, 'lancar', '2022-02-03', 1920430.39, 'Sektor Perikanan'),
(215, '5081', 33330000.00, 'lancar', '2022-02-03', 1078028.55, 'Sektor Perikanan'),
(216, '5082', 59375000.00, 'lancar', '2022-02-03', 1920430.39, 'Sektor Pertanian'),
(217, '5083', 41714000.00, 'lancar', '2022-02-03', 1349201.40, 'Sektor Pertanian'),
(218, '5084', 33332000.00, 'lancar', '2022-02-03', 1078093.23, 'Sektor Perdagangan'),
(219, '5085', 41912000.00, 'lancar', '2022-02-03', 1355605.53, 'Sektor Perdagangan'),
(220, '5086', 39580000.00, 'lancar', '2022-02-03', 1280179.11, 'Sektor Industri'),
(221, '5087', 26250000.00, 'lancar', '2022-02-03', 849032.38, 'Sektor Perdagangan'),
(222, '5088', 61249000.00, 'lancar', '2022-02-03', 1981043.22, 'Sektor Industri'),
(223, '5089', 52500000.00, 'lancar', '2022-02-03', 1698064.77, 'Sektor Perdagangan'),
(224, '5090', 38925000.00, 'lancar', '2022-02-03', 1258993.73, 'Sektor Industri'),
(225, '5091', 34999000.00, 'lancar', '2022-02-03', 1132010.83, 'Sektor Jasa'),
(226, '5092', 50416000.00, 'lancar', '2022-02-03', 1630659.68, 'Sektor Perkebunan'),
(227, '5093', 82500000.00, 'lancar', '2022-02-03', 2668387.49, 'Sektor Perdagangan'),
(228, '5094', 52500000.00, 'lancar', '2022-02-03', 1698064.77, 'Sektor Perdagangan'),
(229, '5095', 36600000.00, 'lancar', '2022-02-03', 1183793.72, 'Sektor Perdagangan'),
(230, '5096', 69998000.00, 'lancar', '2022-02-03', 2264021.67, 'Sektor Perdagangan'),
(231, '5110', 30000000.00, 'lancar', '2022-02-03', 970322.72, 'Sektor Industri'),
(232, '5112', 75000000.00, 'lancar', '2022-02-03', 2425806.81, 'Sektor Industri'),
(233, '5098', 20000000.00, 'lancar', '2022-02-03', 646881.82, 'Sektor Jasa'),
(234, '5102', 90000000.00, 'lancar', '2022-02-03', 2910968.17, 'Sektor Jasa'),
(235, '5106', 40000000.00, 'lancar', '2022-02-03', 1293763.63, 'Sektor Jasa'),
(236, '5099', 65000000.00, 'lancar', '2022-02-03', 2102365.90, 'Sektor Perdagangan'),
(237, '5103', 95000000.00, 'lancar', '2022-02-03', 3072688.63, 'Sektor Jasa'),
(238, '5101', 90000000.00, 'lancar', '2022-02-03', 2910968.17, 'Sektor Perdagangan'),
(239, '5104', 40000000.00, 'lancar', '2022-02-03', 1293763.63, 'Sektor Perdagangan'),
(240, '5107', 30000000.00, 'lancar', '2022-02-03', 970322.72, 'Sektor Perdagangan'),
(241, '5111', 50000000.00, 'lancar', '2022-02-03', 1617204.54, 'Sektor Perdagangan'),
(242, '5100', 40000000.00, 'lancar', '2022-02-03', 1293763.63, 'Sektor Perikanan'),
(243, '5105', 20000000.00, 'lancar', '2022-02-03', 646881.82, 'Sektor Perikanan'),
(244, '5109', 40000000.00, 'lancar', '2022-02-03', 1293763.63, 'Sektor Peternakan'),
(245, '5097', 95000000.00, 'lancar', '2022-02-03', 3072688.63, 'Sektor Perdagangan');

INSERT INTO `piutangtdkbermasalahjul22` (`id`, `nokontrak`, `sisapinjaman`, `status`, `tgl`, `alokasisisih`, `sektor`) VALUES
(1, '3971', 10659000.00, 'diragukan', '2022-08-31', 1169436.22, 'Sektor Jasa');
INSERT INTO `piutangtdkbermasalahjul22` (`id`, `nokontrak`, `sisapinjaman`, `status`, `tgl`, `alokasisisih`, `sektor`) VALUES
(2, '3974', 3983000.00, 'macet', '2022-08-31', 3983000.00, 'Sektor Industri');
INSERT INTO `piutangtdkbermasalahjul22` (`id`, `nokontrak`, `sisapinjaman`, `status`, `tgl`, `alokasisisih`, `sektor`) VALUES
(3, '4001', 5873980.00, 'macet', '2022-08-31', 5873980.00, 'Sektor Industri');
INSERT INTO `piutangtdkbermasalahjul22` (`id`, `nokontrak`, `sisapinjaman`, `status`, `tgl`, `alokasisisih`, `sektor`) VALUES
(4, '4045', 5200000.00, 'macet', '2022-08-31', 5200000.00, 'Sektor Perdagangan'),
(5, '4095', 4364000.00, 'macet', '2022-08-31', 4364000.00, 'Sektor Industri'),
(6, '4097', 4500000.00, 'macet', '2022-08-31', 4500000.00, 'Sektor Perdagangan'),
(7, '4112', 45900000.00, 'diragukan', '2022-08-31', 5035849.73, 'Sektor Perdagangan'),
(8, '4115', 4125000.00, 'macet', '2022-08-31', 4125000.00, 'Sektor Perdagangan'),
(9, '4116', 4900000.00, 'macet', '2022-08-31', 4900000.00, 'Sektor Perdagangan'),
(10, '4117', 14275000.00, 'diragukan', '2022-08-31', 1566160.24, 'Sektor Perdagangan'),
(11, '4149', 1067000.00, 'macet', '2022-08-31', 1067000.00, 'Sektor Perdagangan'),
(12, '4194', 5915000.00, 'macet', '2022-08-31', 5915000.00, 'Sektor Perdagangan'),
(13, '4212', 350000.00, 'macet', '2022-08-31', 350000.00, 'Sektor Industri'),
(14, '4229', 16524993.00, 'kurang lancar', '2022-08-31', 553704.39, 'Sektor Perdagangan'),
(15, '4251', 4020000.00, 'macet', '2022-08-31', 4020000.00, 'Sektor Perdagangan'),
(16, '4254', 32578000.00, 'diragukan', '2022-08-31', 3574246.46, 'Sektor Perdagangan'),
(17, '4261', 15296000.00, 'diragukan', '2022-08-31', 1678177.72, 'Sektor Perdagangan'),
(18, '4279', 9100000.00, 'macet', '2022-08-31', 9100000.00, 'Sektor Perdagangan'),
(19, '4292', 9760000.00, 'macet', '2022-08-31', 9760000.00, 'Sektor Perdagangan'),
(20, '4349', 2562000.00, 'macet', '2022-08-31', 2562000.00, 'Sektor Peternakan'),
(21, '4351', 10175000.00, 'diragukan', '2022-08-31', 1116334.88, 'Sektor Jasa'),
(22, '4393', 16883000.00, 'diragukan', '2022-08-31', 1852293.05, 'Sektor Industri'),
(23, '4405', 8599000.00, 'macet', '2022-08-31', 8599000.00, 'Sektor Industri'),
(24, '4419', 10000000.00, 'macet', '2022-08-31', 10000000.00, 'Sektor Perdagangan'),
(25, '4421', 18765000.00, 'macet', '2022-08-31', 18765000.00, 'Sektor Industri'),
(26, '4448', 8749000.00, 'macet', '2022-08-31', 8749000.00, 'Sektor Perdagangan'),
(27, '4455', 12825000.00, 'macet', '2022-08-31', 12825000.00, 'Sektor Industri'),
(28, '4456', 7480000.00, 'macet', '2022-08-31', 7480000.00, 'Sektor Industri'),
(29, '4493', 7703000.00, 'macet', '2022-08-31', 7703000.00, 'Sektor Perdagangan'),
(30, '4494', 7825000.00, 'macet', '2022-08-31', 7825000.00, 'Sektor Industri'),
(31, '4499', 9748000.00, 'macet', '2022-08-31', 9748000.00, 'Sektor Peternakan'),
(32, '4500', 7338000.00, 'macet', '2022-08-31', 7338000.00, 'Sektor Perdagangan'),
(33, '4501', 10150000.00, 'macet', '2022-08-31', 10150000.00, 'Sektor Perdagangan'),
(34, '4503', 10100000.00, 'macet', '2022-08-31', 10100000.00, 'Sektor Perdagangan'),
(35, '4506', 5586334.00, 'macet', '2022-08-31', 5586334.00, 'Sektor Perdagangan'),
(36, '4509', 2500000.00, 'macet', '2022-08-31', 2500000.00, 'Sektor Industri'),
(37, '4514', 4326000.00, 'macet', '2022-08-31', 4326000.00, 'Sektor Industri'),
(38, '4517', 6318000.00, 'macet', '2022-08-31', 6318000.00, 'Sektor Perikanan'),
(39, '4518', 2461000.00, 'macet', '2022-08-31', 2461000.00, 'Sektor Perdagangan'),
(40, '4526', 5312000.00, 'macet', '2022-08-31', 5312000.00, 'Sektor Industri'),
(41, '4530', 41248000.00, 'diragukan', '2022-08-31', 4525462.52, 'Sektor Perikanan'),
(42, '4547', 6873000.00, 'macet', '2022-08-31', 6873000.00, 'Sektor Perdagangan'),
(43, '4567', 5393000.00, 'macet', '2022-08-31', 5393000.00, 'Sektor Perdagangan'),
(44, '4571', 8125000.00, 'macet', '2022-08-31', 8125000.00, 'Sektor Peternakan'),
(45, '4579', 22200000.00, 'diragukan', '2022-08-31', 2435639.74, 'Sektor Perdagangan'),
(46, '4600', 43400000.00, 'diragukan', '2022-08-31', 4761565.98, 'Sektor Industri'),
(47, '4628', 8200000.00, 'macet', '2022-08-31', 8200000.00, 'Sektor Perikanan'),
(48, '4629', 5025000.00, 'macet', '2022-08-31', 5025000.00, 'Sektor Perdagangan'),
(49, '4653', 8749000.00, 'macet', '2022-08-31', 8749000.00, 'Sektor Pertanian'),
(50, '4671', 1220640.00, 'macet', '2022-08-31', 1220640.00, 'Sektor Perikanan'),
(51, '4673', 18250000.00, 'diragukan', '2022-08-31', 2002271.41, 'Sektor Peternakan'),
(52, '4674', 3703000.00, 'macet', '2022-08-31', 3703000.00, 'Sektor Perdagangan'),
(53, '4676', 10675000.00, 'macet', '2022-08-31', 10675000.00, 'Sektor Peternakan'),
(54, '4677', 11125000.00, 'macet', '2022-08-31', 11125000.00, 'Sektor Industri'),
(55, '4678', 328640.00, 'macet', '2022-08-31', 328640.00, 'Sektor Industri'),
(56, '4679', 14375000.00, 'diragukan', '2022-08-31', 1577131.59, 'Sektor Pertanian'),
(57, '4680', 9583000.00, 'macet', '2022-08-31', 9583000.00, 'Sektor Perdagangan'),
(58, '4681', 7770000.00, 'macet', '2022-08-31', 7770000.00, 'Sektor Industri'),
(59, '4683', 9879000.00, 'macet', '2022-08-31', 9879000.00, 'Sektor Perdagangan'),
(60, '4684', 14275000.00, 'diragukan', '2022-08-31', 1566160.24, 'Sektor Perdagangan'),
(61, '4687', 12200000.00, 'macet', '2022-08-31', 12200000.00, 'Sektor Industri'),
(62, '4689', 12500000.00, 'macet', '2022-08-31', 12500000.00, 'Sektor Perdagangan'),
(63, '4691', 41360.00, 'macet', '2022-08-31', 41360.00, 'Sektor Perdagangan'),
(64, '4692', 12500000.00, 'macet', '2022-08-31', 12500000.00, 'Sektor Perdagangan'),
(65, '4694', 8749000.00, 'macet', '2022-08-31', 8749000.00, 'Sektor Perdagangan'),
(66, '4696', 6197000.00, 'macet', '2022-08-31', 6197000.00, 'Sektor Perdagangan'),
(67, '4710', 12128000.00, 'macet', '2022-08-31', 12128000.00, 'Sektor Industri'),
(68, '4714', 16480000.00, 'macet', '2022-08-31', 16480000.00, 'Sektor Peternakan'),
(69, '4723', 3580000.00, 'macet', '2022-08-31', 3580000.00, 'Sektor Perdagangan'),
(70, '4727', 4503520.00, 'macet', '2022-08-31', 4503520.00, 'Sektor Peternakan'),
(71, '4728', 15314000.00, 'kurang lancar', '2022-08-31', 513127.54, 'Sektor Perdagangan'),
(72, '4729', 6775520.00, 'macet', '2022-08-31', 6775520.00, 'Sektor Perdagangan'),
(73, '4730', 18666000.00, 'diragukan', '2022-08-31', 2047912.22, 'Sektor Perdagangan'),
(74, '4732', 18182000.00, 'diragukan', '2022-08-31', 1994810.89, 'Sektor Peternakan'),
(75, '4734', 16586000.00, 'diragukan', '2022-08-31', 1819708.14, 'Sektor Perdagangan'),
(76, '4735', 17198000.00, 'diragukan', '2022-08-31', 1886852.80, 'Sektor Perdagangan'),
(77, '4736', 17231000.00, 'diragukan', '2022-08-31', 1890473.35, 'Sektor Perdagangan'),
(78, '4737', 19066000.00, 'diragukan', '2022-08-31', 2091797.62, 'Sektor Perdagangan'),
(79, '4738', 16998000.00, 'diragukan', '2022-08-31', 1864910.10, 'Sektor Peternakan'),
(80, '4739', 19600000.00, 'diragukan', '2022-08-31', 2150384.63, 'Sektor Perdagangan'),
(81, '4740', 12862000.00, 'macet', '2022-08-31', 12862000.00, 'Sektor Perdagangan'),
(82, '4741', 13340000.00, 'macet', '2022-08-31', 13340000.00, 'Sektor Industri'),
(83, '4745', 7941000.00, 'macet', '2022-08-31', 7941000.00, 'Sektor Perdagangan'),
(84, '4747', 15666000.00, 'macet', '2022-08-31', 15666000.00, 'Sektor Lain-lain'),
(85, '4753', 17498000.00, 'diragukan', '2022-08-31', 1919766.85, 'Sektor Industri'),
(86, '4764', 18332000.00, 'diragukan', '2022-08-31', 2011267.91, 'Sektor Perdagangan'),
(87, '4779', 11664000.00, 'macet', '2022-08-31', 11664000.00, 'Sektor Perdagangan'),
(88, '4783', 16698000.00, 'diragukan', '2022-08-31', 1831996.05, 'Sektor Perdagangan'),
(89, '4787', 11198000.00, 'macet', '2022-08-31', 11198000.00, 'Sektor Peternakan'),
(90, '4804', 10625000.00, 'macet', '2022-08-31', 10625000.00, 'Sektor Perdagangan'),
(91, '4806', 16664000.00, 'diragukan', '2022-08-31', 1828265.79, 'Sektor Peternakan'),
(92, '4807', 12492000.00, 'macet', '2022-08-31', 12492000.00, 'Sektor Industri'),
(93, '4808', 19800000.00, 'diragukan', '2022-08-31', 2172327.33, 'Sektor Perdagangan'),
(94, '4810', 14163000.00, 'macet', '2022-08-31', 14163000.00, 'Sektor Perdagangan'),
(95, '4811', 10212500.00, 'macet', '2022-08-31', 10212500.00, 'Sektor Perdagangan'),
(96, '4812', 5100000.00, 'macet', '2022-08-31', 5100000.00, 'Sektor Perdagangan'),
(97, '4823', 1571880.00, 'macet', '2022-08-31', 1571880.00, 'Sektor Perdagangan'),
(98, '4824', 12800000.00, 'macet', '2022-08-31', 12800000.00, 'Sektor Peternakan'),
(99, '4829', 17350000.00, 'macet', '2022-08-31', 17350000.00, 'Sektor Peternakan'),
(100, '4830', 10939500.00, 'macet', '2022-08-31', 10939500.00, 'Sektor Peternakan'),
(101, '4834', 8627202.00, 'macet', '2022-08-31', 8627202.00, 'Sektor Perdagangan'),
(102, '4836', 9163000.00, 'macet', '2022-08-31', 9163000.00, 'Sektor Perdagangan'),
(103, '4837', 15830000.00, 'diragukan', '2022-08-31', 1736764.73, 'Sektor Peternakan'),
(104, '4838', 14375000.00, 'diragukan', '2022-08-31', 1577131.59, 'Sektor Perdagangan'),
(105, '4841', 4494439.00, 'macet', '2022-08-31', 4494439.00, 'Sektor Perdagangan'),
(106, '4843', 752880.00, 'diragukan', '2022-08-31', 82601.10, 'Sektor Industri'),
(107, '4845', 2000000.00, 'macet', '2022-08-31', 2000000.00, 'Sektor Industri'),
(108, '4849', 6016625.00, 'macet', '2022-08-31', 6016625.00, 'Sektor Perdagangan'),
(109, '4854', 19790000.00, 'diragukan', '2022-08-31', 2171230.20, 'Sektor Perdagangan'),
(110, '4870', 11700000.00, 'macet', '2022-08-31', 11700000.00, 'Sektor Pertanian'),
(111, '4876', 14345000.00, 'macet', '2022-08-31', 14345000.00, 'Sektor Perdagangan'),
(112, '4882', 17498000.00, 'macet', '2022-08-31', 17498000.00, 'Sektor Peternakan'),
(113, '4883', 18332000.00, 'macet', '2022-08-31', 18332000.00, 'Sektor Peternakan'),
(114, '4884', 15078000.00, 'macet', '2022-08-31', 15078000.00, 'Sektor Perdagangan'),
(115, '4885', 11660000.00, 'macet', '2022-08-31', 11660000.00, 'Sektor Perdagangan'),
(116, '4887', 3840000.00, 'macet', '2022-08-31', 3840000.00, 'Sektor Perdagangan'),
(117, '4893', 13060000.00, 'kurang lancar', '2022-08-31', 437602.57, 'Sektor Perdagangan'),
(118, '4913', 9362000.00, 'macet', '2022-08-31', 9362000.00, 'Sektor Perdagangan'),
(119, '4921', 20000000.00, 'kurang lancar', '2022-08-31', 670141.76, 'Sektor Industri'),
(120, '4923', 43748000.00, 'diragukan', '2022-08-31', 4799746.27, 'Sektor Industri'),
(121, '4924', 9570000.00, 'macet', '2022-08-31', 9570000.00, 'Sektor Perdagangan'),
(122, '4927', 12500000.00, 'macet', '2022-08-31', 12500000.00, 'Sektor Industri'),
(123, '4934', 20225000.00, 'diragukan', '2022-08-31', 2218955.57, 'Sektor Perdagangan'),
(124, '4936', 27000000.00, 'diragukan', '2022-08-31', 2962264.55, 'Sektor Industri'),
(125, '4949', 11240000.00, 'macet', '2022-08-31', 11240000.00, 'Sektor Industri'),
(126, '4954', 13260000.00, 'macet', '2022-08-31', 13260000.00, 'Sektor Jasa'),
(127, '4955', 18382000.00, 'diragukan', '2022-08-31', 2016753.59, 'Sektor Perdagangan'),
(128, '4957', 26006000.00, 'kurang lancar', '2022-08-31', 871385.33, 'Sektor Perdagangan'),
(129, '4967', 17500000.00, 'macet', '2022-08-31', 17500000.00, 'Sektor Perikanan'),
(130, '4970', 5348000.00, 'macet', '2022-08-31', 5348000.00, 'Sektor Perdagangan'),
(131, '4973', 6534000.00, 'macet', '2022-08-31', 6534000.00, 'Sektor Perdagangan'),
(132, '4975', 8979000.00, 'macet', '2022-08-31', 8979000.00, 'Sektor Jasa'),
(133, '4977', 12011000.00, 'macet', '2022-08-31', 12011000.00, 'Sektor Perdagangan'),
(134, '4978', 13128000.00, 'macet', '2022-08-31', 13128000.00, 'Sektor Perdagangan'),
(135, '4980', 4162000.00, 'macet', '2022-08-31', 4162000.00, 'Sektor Jasa'),
(136, '4982', 4464000.00, 'macet', '2022-08-31', 4464000.00, 'Sektor Perdagangan'),
(137, '4983', 12494000.00, 'macet', '2022-08-31', 12494000.00, 'Sektor Perdagangan'),
(138, '4985', 6247000.00, 'macet', '2022-08-31', 6247000.00, 'Sektor Peternakan'),
(139, '5001', 23026000.00, 'diragukan', '2022-08-31', 2526263.09, 'Sektor Perdagangan'),
(140, '5002', 24207000.00, 'diragukan', '2022-08-31', 2655834.74, 'Sektor Peternakan'),
(141, '5003', 32550000.00, 'kurang lancar', '2022-08-31', 1090655.71, 'Sektor Perdagangan'),
(142, '5005', 34300000.00, 'macet', '2022-08-31', 34300000.00, 'Sektor Perdagangan'),
(143, '5006', 65625000.00, 'macet', '2022-08-31', 65625000.00, 'Sektor Perdagangan'),
(144, '5012', 14762000.00, 'macet', '2022-08-31', 14762000.00, 'Sektor Perdagangan'),
(145, '5013', 5841000.00, 'macet', '2022-08-31', 5841000.00, 'Sektor Industri'),
(146, '5014', 10403000.00, 'macet', '2022-08-31', 10403000.00, 'Sektor Perdagangan'),
(147, '5015', 6634000.00, 'macet', '2022-08-31', 6634000.00, 'Sektor Perdagangan'),
(148, '5016', 10400000.00, 'macet', '2022-08-31', 10400000.00, 'Sektor Perdagangan'),
(149, '5020', 11890000.00, 'macet', '2022-08-31', 11890000.00, 'Sektor Peternakan'),
(150, '5024', 16014000.00, 'diragukan', '2022-08-31', 1756952.02, 'Sektor Perdagangan'),
(151, '5025', 12780000.00, 'macet', '2022-08-31', 12780000.00, 'Sektor Peternakan'),
(152, '5030', 31732000.00, 'macet', '2022-08-31', 31732000.00, 'Sektor Perdagangan'),
(153, '5034', 35000000.00, 'macet', '2022-08-31', 35000000.00, 'Sektor Industri'),
(154, '5036', 38550000.00, 'macet', '2022-08-31', 38550000.00, 'Sektor Jasa'),
(155, '5038', 2064000.00, 'lancar', '2022-08-31', 36811.12, 'Sektor Jasa'),
(156, '5044', 3682000.00, 'kurang lancar', '2022-08-31', 123373.10, 'Sektor Perdagangan'),
(157, '5053', 13262000.00, 'macet', '2022-08-31', 13262000.00, 'Sektor Industri'),
(158, '5054', 10810000.00, 'lancar', '2022-08-31', 192794.65, 'Sektor Jasa'),
(159, '5055', 16500000.00, 'kurang lancar', '2022-08-31', 552866.95, 'Sektor Perdagangan'),
(160, '5057', 3000000.00, 'lancar', '2022-08-31', 53504.53, 'Sektor Perdagangan'),
(161, '5058', 5500000.00, 'lancar', '2022-08-31', 98091.64, 'Sektor Perdagangan'),
(162, '5059', 3000000.00, 'lancar', '2022-08-31', 53504.53, 'Sektor Industri'),
(163, '5060', 20857000.00, 'kurang lancar', '2022-08-31', 698857.33, 'Sektor Perdagangan'),
(164, '5061', 9700000.00, 'lancar', '2022-08-31', 172997.98, 'Sektor Perdagangan'),
(165, '5062', 11791000.00, 'lancar', '2022-08-31', 210290.63, 'Sektor Perdagangan');
INSERT INTO `piutangtdkbermasalahjul22` (`id`, `nokontrak`, `sisapinjaman`, `status`, `tgl`, `alokasisisih`, `sektor`) VALUES
(166, '5063', 15000000.00, 'lancar', '2022-08-31', 267522.64, 'Sektor Perdagangan'),
(167, '5064', 33050000.00, 'diragukan', '2022-08-31', 3626031.23, 'Sektor Perdagangan'),
(168, '5065', 35116000.00, 'macet', '2022-08-31', 35116000.00, 'Sektor Peternakan'),
(169, '5067', 20812500.00, 'diragukan', '2022-08-31', 2283412.26, 'Sektor Jasa'),
(170, '5069', 11262000.00, 'lancar', '2022-08-31', 200856.00, 'Sektor Industri'),
(171, '5070', 32064000.00, 'macet', '2022-08-31', 32064000.00, 'Sektor Perdagangan'),
(172, '5071', 34733000.00, 'macet', '2022-08-31', 34733000.00, 'Sektor Jasa'),
(173, '5072', 18740000.00, 'lancar', '2022-08-31', 334224.95, 'Sektor Perdagangan'),
(174, '5073', 10405000.00, 'lancar', '2022-08-31', 185571.54, 'Sektor Perdagangan'),
(175, '5074', 20824000.00, 'lancar', '2022-08-31', 371392.77, 'Sektor Perdagangan'),
(176, '5075', 24652000.00, 'kurang lancar', '2022-08-31', 826016.73, 'Sektor Jasa'),
(177, '5076', 12490000.00, 'kurang lancar', '2022-08-31', 418503.53, 'Sektor Industri'),
(178, '5077', 23158000.00, 'kurang lancar', '2022-08-31', 775957.14, 'Sektor Perdagangan'),
(179, '5078', 20200000.00, 'lancar', '2022-08-31', 360263.82, 'Sektor Perdagangan'),
(180, '5079', 47150000.00, 'kurang lancar', '2022-08-31', 1579859.19, 'Sektor Pertanian'),
(181, '5080', 40625000.00, 'lancar', '2022-08-31', 724540.49, 'Sektor Perikanan'),
(182, '5081', 33330000.00, 'diragukan', '2022-08-31', 3656751.01, 'Sektor Perikanan'),
(183, '5082', 37500000.00, 'lancar', '2022-08-31', 668806.61, 'Sektor Pertanian'),
(184, '5083', 31328000.00, 'kurang lancar', '2022-08-31', 1049710.05, 'Sektor Pertanian'),
(185, '5084', 33332000.00, 'diragukan', '2022-08-31', 3656970.44, 'Sektor Perdagangan'),
(186, '5085', 41912000.00, 'diragukan', '2022-08-31', 4598312.29, 'Sektor Perdagangan'),
(187, '5086', 29410000.00, 'kurang lancar', '2022-08-31', 985443.45, 'Sektor Industri'),
(188, '5087', 20000000.00, 'lancar', '2022-08-31', 356696.86, 'Sektor Perdagangan'),
(189, '5088', 43744500.00, 'lancar', '2022-08-31', 780176.28, 'Sektor Industri'),
(190, '5089', 37500000.00, 'lancar', '2022-08-31', 668806.61, 'Sektor Perdagangan'),
(191, '5090', 26725000.00, 'lancar', '2022-08-31', 476636.17, 'Sektor Industri'),
(192, '5091', 27565000.00, 'kurang lancar', '2022-08-31', 923622.88, 'Sektor Jasa'),
(193, '5092', 46107000.00, 'kurang lancar', '2022-08-31', 1544911.30, 'Sektor Perkebunan'),
(194, '5093', 56250000.00, 'lancar', '2022-08-31', 1003209.91, 'Sektor Perdagangan'),
(195, '5094', 37500000.00, 'lancar', '2022-08-31', 668806.61, 'Sektor Perdagangan'),
(196, '5095', 31300000.00, 'kurang lancar', '2022-08-31', 1048771.85, 'Sektor Perdagangan'),
(197, '5096', 53328000.00, 'lancar', '2022-08-31', 951096.50, 'Sektor Perdagangan'),
(198, '5097', 67175000.00, 'lancar', '2022-08-31', 1198055.57, 'Sektor Perdagangan'),
(199, '5098', 16964000.00, 'kurang lancar', '2022-08-31', 568414.24, 'Sektor Jasa'),
(200, '5099', 45889000.00, 'lancar', '2022-08-31', 818423.10, 'Sektor Perdagangan'),
(201, '5100', 28232000.00, 'lancar', '2022-08-31', 503513.28, 'Sektor Perikanan'),
(202, '5101', 63750000.00, 'lancar', '2022-08-31', 1136971.23, 'Sektor Perdagangan'),
(203, '5102', 63750000.00, 'lancar', '2022-08-31', 1136971.23, 'Sektor Jasa'),
(204, '5103', 67283500.00, 'lancar', '2022-08-31', 1199990.65, 'Sektor Jasa'),
(205, '5104', 28331000.00, 'lancar', '2022-08-31', 505278.93, 'Sektor Perdagangan'),
(206, '5105', 11100000.00, 'lancar', '2022-08-31', 197966.76, 'Sektor Perikanan'),
(207, '5106', 29998000.00, 'lancar', '2022-08-31', 535009.61, 'Sektor Jasa'),
(208, '5107', 26250000.00, 'kurang lancar', '2022-08-31', 879561.06, 'Sektor Perdagangan'),
(209, '5108', 29700000.00, 'lancar', '2022-08-31', 529694.83, 'Sektor Jasa'),
(210, '5109', 29866000.00, 'lancar', '2022-08-31', 532655.42, 'Sektor Peternakan'),
(211, '5110', 21900000.00, 'lancar', '2022-08-31', 390583.06, 'Sektor Industri'),
(212, '5111', 41000000.00, 'kurang lancar', '2022-08-31', 1373790.60, 'Sektor Perdagangan'),
(213, '5112', 56250000.00, 'lancar', '2022-08-31', 1003209.91, 'Sektor Industri'),
(214, '5113', 65625000.00, 'lancar', '2022-08-31', 1170411.56, 'Sektor Perdagangan'),
(215, '5114', 17498000.00, 'lancar', '2022-08-31', 312074.08, 'Sektor Perdagangan'),
(216, '5115', 43250000.00, 'lancar', '2022-08-31', 771356.95, 'Sektor Industri'),
(217, '5116', 18300000.00, 'lancar', '2022-08-31', 326377.62, 'Sektor Industri'),
(218, '5117', 34999000.00, 'lancar', '2022-08-31', 624201.66, 'Sektor Jasa'),
(219, '5118', 65625000.00, 'lancar', '2022-08-31', 1170411.56, 'Sektor Perdagangan'),
(220, '5119', 69200000.00, 'lancar', '2022-08-31', 1234171.12, 'Sektor Industri'),
(221, '5120', 30000000.00, 'lancar', '2022-08-31', 535045.28, 'Sektor Industri'),
(222, '5121', 40000000.00, 'lancar', '2022-08-31', 713393.71, 'Sektor Industri'),
(223, '5124', 50000000.00, 'lancar', '2022-08-31', 891742.14, 'Sektor Jasa'),
(224, '5125', 50000000.00, 'lancar', '2022-08-31', 891742.14, 'Sektor Jasa'),
(225, '5123', 85000000.00, 'lancar', '2022-08-31', 1515961.64, 'Sektor Perdagangan'),
(226, '5122', 60000000.00, 'lancar', '2022-08-31', 1070090.57, 'Sektor Perdagangan');

INSERT INTO `piutangtdkbermasalahjun22` (`id`, `nokontrak`, `sisapinjaman`, `status`, `tgl`, `alokasisisih`, `sektor`) VALUES
(1, '3971', 10659000.00, 'kurang lancar', '2022-07-12', 375293.06, 'Sektor Jasa');
INSERT INTO `piutangtdkbermasalahjun22` (`id`, `nokontrak`, `sisapinjaman`, `status`, `tgl`, `alokasisisih`, `sektor`) VALUES
(2, '3974', 3983000.00, 'macet', '2022-07-12', 3983000.00, 'Sektor Industri');
INSERT INTO `piutangtdkbermasalahjun22` (`id`, `nokontrak`, `sisapinjaman`, `status`, `tgl`, `alokasisisih`, `sektor`) VALUES
(3, '4001', 5873980.00, 'macet', '2022-07-12', 5873980.00, 'Sektor Industri');
INSERT INTO `piutangtdkbermasalahjun22` (`id`, `nokontrak`, `sisapinjaman`, `status`, `tgl`, `alokasisisih`, `sektor`) VALUES
(4, '4045', 5200000.00, 'macet', '2022-07-12', 5200000.00, 'Sektor Perdagangan'),
(5, '4095', 4364000.00, 'macet', '2022-07-12', 4364000.00, 'Sektor Industri'),
(6, '4097', 4500000.00, 'macet', '2022-07-12', 4500000.00, 'Sektor Perdagangan'),
(7, '4112', 45900000.00, 'kurang lancar', '2022-07-12', 1616094.52, 'Sektor Perdagangan'),
(8, '4115', 4125000.00, 'macet', '2022-07-12', 4125000.00, 'Sektor Perdagangan'),
(9, '4116', 4900000.00, 'macet', '2022-07-12', 4900000.00, 'Sektor Perdagangan'),
(10, '4117', 14275000.00, 'kurang lancar', '2022-07-12', 502608.92, 'Sektor Perdagangan'),
(11, '4149', 1067000.00, 'macet', '2022-07-12', 1067000.00, 'Sektor Perdagangan'),
(12, '4194', 5915000.00, 'macet', '2022-07-12', 5915000.00, 'Sektor Perdagangan'),
(13, '4212', 350000.00, 'macet', '2022-07-12', 350000.00, 'Sektor Industri'),
(14, '4229', 16524993.00, 'kurang lancar', '2022-07-12', 581828.99, 'Sektor Perdagangan'),
(15, '4251', 4020000.00, 'macet', '2022-07-12', 4020000.00, 'Sektor Perdagangan'),
(16, '4254', 32578000.00, 'kurang lancar', '2022-07-12', 1147039.81, 'Sektor Perdagangan'),
(17, '4261', 15296000.00, 'kurang lancar', '2022-07-12', 538557.34, 'Sektor Perdagangan'),
(18, '4279', 9100000.00, 'macet', '2022-07-12', 9100000.00, 'Sektor Perdagangan'),
(19, '4292', 9760000.00, 'macet', '2022-07-12', 9760000.00, 'Sektor Perdagangan'),
(20, '4349', 2562000.00, 'macet', '2022-07-12', 2562000.00, 'Sektor Peternakan'),
(21, '4351', 10175000.00, 'kurang lancar', '2022-07-12', 358251.89, 'Sektor Jasa'),
(22, '4393', 16883000.00, 'kurang lancar', '2022-07-12', 594434.07, 'Sektor Industri'),
(23, '4405', 8599000.00, 'macet', '2022-07-12', 8599000.00, 'Sektor Industri'),
(24, '4419', 10000000.00, 'macet', '2022-07-12', 10000000.00, 'Sektor Perdagangan'),
(25, '4421', 18765000.00, 'macet', '2022-07-12', 18765000.00, 'Sektor Industri'),
(26, '4448', 8749000.00, 'macet', '2022-07-12', 8749000.00, 'Sektor Perdagangan'),
(27, '4455', 12825000.00, 'macet', '2022-07-12', 12825000.00, 'Sektor Industri'),
(28, '4456', 7480000.00, 'macet', '2022-07-12', 7480000.00, 'Sektor Industri'),
(29, '4493', 7703000.00, 'macet', '2022-07-12', 7703000.00, 'Sektor Perdagangan'),
(30, '4494', 7825000.00, 'macet', '2022-07-12', 7825000.00, 'Sektor Industri'),
(31, '4499', 9748000.00, 'macet', '2022-07-12', 9748000.00, 'Sektor Peternakan'),
(32, '4500', 7338000.00, 'macet', '2022-07-12', 7338000.00, 'Sektor Perdagangan'),
(33, '4501', 10150000.00, 'macet', '2022-07-12', 10150000.00, 'Sektor Perdagangan'),
(34, '4503', 10100000.00, 'macet', '2022-07-12', 10100000.00, 'Sektor Perdagangan'),
(35, '4506', 5586334.00, 'macet', '2022-07-12', 5586334.00, 'Sektor Perdagangan'),
(36, '4509', 2500000.00, 'macet', '2022-07-12', 2500000.00, 'Sektor Industri'),
(37, '4514', 4326000.00, 'macet', '2022-07-12', 4326000.00, 'Sektor Industri'),
(38, '4517', 6318000.00, 'macet', '2022-07-12', 6318000.00, 'Sektor Perikanan'),
(39, '4518', 2661000.00, 'macet', '2022-07-12', 2661000.00, 'Sektor Perdagangan'),
(40, '4526', 5312000.00, 'macet', '2022-07-12', 5312000.00, 'Sektor Industri'),
(41, '4530', 41248000.00, 'kurang lancar', '2022-07-12', 1452302.11, 'Sektor Perikanan'),
(42, '4547', 6873000.00, 'macet', '2022-07-12', 6873000.00, 'Sektor Perdagangan'),
(43, '4567', 5393000.00, 'macet', '2022-07-12', 5393000.00, 'Sektor Perdagangan'),
(44, '4571', 8125000.00, 'macet', '2022-07-12', 8125000.00, 'Sektor Peternakan'),
(45, '4579', 22200000.00, 'kurang lancar', '2022-07-12', 781640.49, 'Sektor Perdagangan'),
(46, '4600', 43400000.00, 'kurang lancar', '2022-07-12', 1528071.95, 'Sektor Industri'),
(47, '4628', 8200000.00, 'macet', '2022-07-12', 8200000.00, 'Sektor Perikanan'),
(48, '4629', 5025000.00, 'macet', '2022-07-12', 5025000.00, 'Sektor Perdagangan'),
(49, '4653', 8749000.00, 'macet', '2022-07-12', 8749000.00, 'Sektor Pertanian'),
(50, '4671', 1220640.00, 'macet', '2022-07-12', 1220640.00, 'Sektor Perikanan'),
(51, '4673', 18250000.00, 'kurang lancar', '2022-07-12', 642564.82, 'Sektor Peternakan'),
(52, '4674', 3703000.00, 'macet', '2022-07-12', 3703000.00, 'Sektor Perdagangan'),
(53, '4676', 10675000.00, 'macet', '2022-07-12', 10675000.00, 'Sektor Peternakan'),
(54, '4677', 11125000.00, 'macet', '2022-07-12', 11125000.00, 'Sektor Industri'),
(55, '4678', 328640.00, 'macet', '2022-07-12', 328640.00, 'Sektor Industri'),
(56, '4679', 14375000.00, 'kurang lancar', '2022-07-12', 506129.82, 'Sektor Pertanian'),
(57, '4680', 9583000.00, 'macet', '2022-07-12', 9583000.00, 'Sektor Perdagangan'),
(58, '4681', 7770000.00, 'macet', '2022-07-12', 7770000.00, 'Sektor Industri'),
(59, '4683', 9879000.00, 'macet', '2022-07-12', 9879000.00, 'Sektor Perdagangan'),
(60, '4684', 14275000.00, 'kurang lancar', '2022-07-12', 502608.92, 'Sektor Perdagangan'),
(61, '4687', 12200000.00, 'macet', '2022-07-12', 12200000.00, 'Sektor Industri'),
(62, '4689', 12500000.00, 'macet', '2022-07-12', 12500000.00, 'Sektor Perdagangan'),
(63, '4691', 41360.00, 'macet', '2022-07-12', 41360.00, 'Sektor Perdagangan'),
(64, '4692', 12500000.00, 'macet', '2022-07-12', 12500000.00, 'Sektor Perdagangan'),
(65, '4694', 8749000.00, 'macet', '2022-07-12', 8749000.00, 'Sektor Perdagangan'),
(66, '4696', 6197000.00, 'macet', '2022-07-12', 6197000.00, 'Sektor Perdagangan'),
(67, '4710', 12128000.00, 'macet', '2022-07-12', 12128000.00, 'Sektor Industri'),
(68, '4714', 16480000.00, 'macet', '2022-07-12', 16480000.00, 'Sektor Peternakan'),
(69, '4723', 3580000.00, 'macet', '2022-07-12', 3580000.00, 'Sektor Perdagangan'),
(70, '4727', 4503520.00, 'macet', '2022-07-12', 4503520.00, 'Sektor Peternakan'),
(71, '4728', 16064000.00, 'kurang lancar', '2022-07-12', 565597.87, 'Sektor Perdagangan'),
(72, '4729', 6775520.00, 'macet', '2022-07-12', 6775520.00, 'Sektor Perdagangan'),
(73, '4730', 18666000.00, 'kurang lancar', '2022-07-12', 657211.77, 'Sektor Perdagangan'),
(74, '4732', 18182000.00, 'kurang lancar', '2022-07-12', 640170.60, 'Sektor Peternakan'),
(75, '4734', 16586000.00, 'kurang lancar', '2022-07-12', 583976.99, 'Sektor Perdagangan'),
(76, '4735', 17198000.00, 'kurang lancar', '2022-07-12', 605524.92, 'Sektor Perdagangan'),
(77, '4736', 17231000.00, 'kurang lancar', '2022-07-12', 606686.81, 'Sektor Perdagangan'),
(78, '4737', 19066000.00, 'kurang lancar', '2022-07-12', 671295.39, 'Sektor Perdagangan'),
(79, '4738', 16998000.00, 'kurang lancar', '2022-07-12', 598483.11, 'Sektor Peternakan'),
(80, '4739', 19600000.00, 'kurang lancar', '2022-07-12', 690097.01, 'Sektor Perdagangan'),
(81, '4740', 12862000.00, 'macet', '2022-07-12', 12862000.00, 'Sektor Perdagangan'),
(82, '4741', 13340000.00, 'macet', '2022-07-12', 13340000.00, 'Sektor Industri'),
(83, '4745', 7941000.00, 'macet', '2022-07-12', 7941000.00, 'Sektor Perdagangan'),
(84, '4747', 15666000.00, 'macet', '2022-07-12', 15666000.00, 'Sektor Lain-lain'),
(85, '4753', 17498000.00, 'kurang lancar', '2022-07-12', 616087.62, 'Sektor Industri'),
(86, '4764', 18332000.00, 'kurang lancar', '2022-07-12', 645451.96, 'Sektor Perdagangan'),
(87, '4779', 11664000.00, 'macet', '2022-07-12', 11664000.00, 'Sektor Perdagangan'),
(88, '4783', 16698000.00, 'kurang lancar', '2022-07-12', 587920.40, 'Sektor Perdagangan'),
(89, '4787', 11198000.00, 'macet', '2022-07-12', 11198000.00, 'Sektor Peternakan'),
(90, '4804', 10625000.00, 'macet', '2022-07-12', 10625000.00, 'Sektor Perdagangan'),
(91, '4806', 16664000.00, 'kurang lancar', '2022-07-12', 586723.29, 'Sektor Peternakan'),
(92, '4807', 12492000.00, 'macet', '2022-07-12', 12492000.00, 'Sektor Industri'),
(93, '4808', 19800000.00, 'kurang lancar', '2022-07-12', 697138.81, 'Sektor Perdagangan'),
(94, '4810', 14163000.00, 'macet', '2022-07-12', 14163000.00, 'Sektor Perdagangan'),
(95, '4811', 10750000.00, 'macet', '2022-07-12', 10750000.00, 'Sektor Perdagangan'),
(96, '4812', 5100000.00, 'macet', '2022-07-12', 5100000.00, 'Sektor Perdagangan'),
(97, '4823', 1871880.00, 'macet', '2022-07-12', 1871880.00, 'Sektor Perdagangan'),
(98, '4824', 12800000.00, 'macet', '2022-07-12', 12800000.00, 'Sektor Peternakan'),
(99, '4829', 17350000.00, 'macet', '2022-07-12', 17350000.00, 'Sektor Peternakan'),
(100, '4830', 10939500.00, 'macet', '2022-07-12', 10939500.00, 'Sektor Peternakan'),
(101, '4834', 8627202.00, 'macet', '2022-07-12', 8627202.00, 'Sektor Perdagangan'),
(102, '4836', 9163000.00, 'macet', '2022-07-12', 9163000.00, 'Sektor Perdagangan'),
(103, '4837', 15830000.00, 'kurang lancar', '2022-07-12', 557358.96, 'Sektor Peternakan'),
(104, '4838', 14375000.00, 'kurang lancar', '2022-07-12', 506129.82, 'Sektor Perdagangan'),
(105, '4841', 4494439.00, 'macet', '2022-07-12', 4494439.00, 'Sektor Perdagangan'),
(106, '4843', 1341880.00, 'diragukan', '2022-07-12', 147222.35, 'Sektor Industri'),
(107, '4845', 2000000.00, 'macet', '2022-07-12', 2000000.00, 'Sektor Industri'),
(108, '4849', 6016625.00, 'macet', '2022-07-12', 6016625.00, 'Sektor Perdagangan'),
(109, '4854', 19790000.00, 'kurang lancar', '2022-07-12', 696786.72, 'Sektor Perdagangan'),
(110, '4870', 11700000.00, 'macet', '2022-07-12', 11700000.00, 'Sektor Pertanian'),
(111, '4876', 14345000.00, 'macet', '2022-07-12', 14345000.00, 'Sektor Perdagangan'),
(112, '4882', 17498000.00, 'macet', '2022-07-12', 17498000.00, 'Sektor Peternakan'),
(113, '4883', 18332000.00, 'macet', '2022-07-12', 18332000.00, 'Sektor Peternakan'),
(114, '4884', 15078000.00, 'macet', '2022-07-12', 15078000.00, 'Sektor Perdagangan'),
(115, '4885', 11660000.00, 'macet', '2022-07-12', 11660000.00, 'Sektor Perdagangan'),
(116, '4887', 4395000.00, 'macet', '2022-07-12', 4395000.00, 'Sektor Perdagangan'),
(117, '4893', 13060000.00, 'kurang lancar', '2022-07-12', 459829.95, 'Sektor Perdagangan'),
(118, '4913', 10362000.00, 'macet', '2022-07-12', 10362000.00, 'Sektor Perdagangan'),
(119, '4921', 20000000.00, 'kurang lancar', '2022-07-12', 704180.62, 'Sektor Industri'),
(120, '4923', 43748000.00, 'kurang lancar', '2022-07-12', 1540324.69, 'Sektor Industri'),
(121, '4924', 9570000.00, 'macet', '2022-07-12', 9570000.00, 'Sektor Perdagangan'),
(122, '4927', 12500000.00, 'macet', '2022-07-12', 12500000.00, 'Sektor Industri'),
(123, '4934', 20225000.00, 'kurang lancar', '2022-07-12', 712102.65, 'Sektor Perdagangan'),
(124, '4936', 27000000.00, 'kurang lancar', '2022-07-12', 950643.84, 'Sektor Industri'),
(125, '4942', 10238000.00, 'macet', '2022-07-12', 10238000.00, 'Sektor Perdagangan'),
(126, '4943', 6611000.00, 'macet', '2022-07-12', 6611000.00, 'Sektor Jasa'),
(127, '4949', 11240000.00, 'macet', '2022-07-12', 11240000.00, 'Sektor Industri'),
(128, '4954', 13260000.00, 'macet', '2022-07-12', 13260000.00, 'Sektor Jasa'),
(129, '4955', 18382000.00, 'kurang lancar', '2022-07-12', 647212.41, 'Sektor Perdagangan'),
(130, '4957', 27254000.00, 'kurang lancar', '2022-07-12', 959586.93, 'Sektor Perdagangan'),
(131, '4967', 17500000.00, 'macet', '2022-07-12', 17500000.00, 'Sektor Perikanan'),
(132, '4970', 5348000.00, 'macet', '2022-07-12', 5348000.00, 'Sektor Perdagangan'),
(133, '4973', 6534000.00, 'macet', '2022-07-12', 6534000.00, 'Sektor Perdagangan'),
(134, '4975', 8979000.00, 'macet', '2022-07-12', 8979000.00, 'Sektor Jasa'),
(135, '4977', 12011000.00, 'macet', '2022-07-12', 12011000.00, 'Sektor Perdagangan'),
(136, '4978', 13128000.00, 'macet', '2022-07-12', 13128000.00, 'Sektor Perdagangan'),
(137, '4980', 4162000.00, 'macet', '2022-07-12', 4162000.00, 'Sektor Jasa'),
(138, '4982', 4464000.00, 'macet', '2022-07-12', 4464000.00, 'Sektor Perdagangan'),
(139, '4983', 12494000.00, 'macet', '2022-07-12', 12494000.00, 'Sektor Perdagangan'),
(140, '4985', 6247000.00, 'macet', '2022-07-12', 6247000.00, 'Sektor Peternakan'),
(141, '5001', 23026000.00, 'kurang lancar', '2022-07-12', 810723.15, 'Sektor Perdagangan'),
(142, '5002', 24207000.00, 'kurang lancar', '2022-07-12', 852305.01, 'Sektor Peternakan'),
(143, '5003', 33550000.00, 'kurang lancar', '2022-07-12', 1181262.99, 'Sektor Perdagangan'),
(144, '5005', 34300000.00, 'macet', '2022-07-12', 34300000.00, 'Sektor Perdagangan'),
(145, '5006', 65625000.00, 'macet', '2022-07-12', 65625000.00, 'Sektor Perdagangan'),
(146, '5012', 14762000.00, 'macet', '2022-07-12', 14762000.00, 'Sektor Perdagangan'),
(147, '5013', 6341000.00, 'macet', '2022-07-12', 6341000.00, 'Sektor Industri'),
(148, '5014', 10403000.00, 'macet', '2022-07-12', 10403000.00, 'Sektor Perdagangan'),
(149, '5015', 6634000.00, 'macet', '2022-07-12', 6634000.00, 'Sektor Perdagangan'),
(150, '5016', 10400000.00, 'macet', '2022-07-12', 10400000.00, 'Sektor Perdagangan'),
(151, '5020', 11890000.00, 'macet', '2022-07-12', 11890000.00, 'Sektor Peternakan'),
(152, '5024', 16014000.00, 'kurang lancar', '2022-07-12', 563837.42, 'Sektor Perdagangan'),
(153, '5025', 12780000.00, 'macet', '2022-07-12', 12780000.00, 'Sektor Peternakan'),
(154, '5030', 31732000.00, 'macet', '2022-07-12', 31732000.00, 'Sektor Perdagangan'),
(155, '5034', 35000000.00, 'macet', '2022-07-12', 35000000.00, 'Sektor Industri'),
(156, '5036', 38550000.00, 'macet', '2022-07-12', 38550000.00, 'Sektor Jasa'),
(157, '5038', 4148000.00, 'lancar', '2022-07-12', 82268.99, 'Sektor Jasa'),
(158, '5041', 1652000.00, 'lancar', '2022-07-12', 32764.80, 'Sektor Perdagangan'),
(159, '5042', 4148500.00, 'lancar', '2022-07-12', 82278.91, 'Sektor Pertanian'),
(160, '5043', 3400000.00, 'lancar', '2022-07-12', 67433.60, 'Sektor Pertanian'),
(161, '5044', 4032000.00, 'kurang lancar', '2022-07-12', 141962.81, 'Sektor Perdagangan'),
(162, '5047', 2586000.00, 'lancar', '2022-07-12', 51289.20, 'Sektor Perdagangan'),
(163, '5048', 5686000.00, 'lancar', '2022-07-12', 112772.78, 'Sektor Perdagangan'),
(164, '5051', 1157500.00, 'lancar', '2022-07-12', 22957.17, 'Sektor Peternakan'),
(165, '5053', 13262000.00, 'macet', '2022-07-12', 13262000.00, 'Sektor Industri'),
(166, '5054', 13519500.00, 'lancar', '2022-07-12', 268137.80, 'Sektor Jasa'),
(167, '5055', 19000000.00, 'kurang lancar', '2022-07-12', 668971.59, 'Sektor Perdagangan'),
(168, '5057', 5850000.00, 'lancar', '2022-07-12', 116025.46, 'Sektor Perdagangan'),
(169, '5058', 9775000.00, 'lancar', '2022-07-12', 193871.60, 'Sektor Perdagangan'),
(170, '5059', 5850000.00, 'lancar', '2022-07-12', 116025.46, 'Sektor Industri'),
(171, '5060', 22857000.00, 'kurang lancar', '2022-07-12', 804772.82, 'Sektor Perdagangan'),
(172, '5061', 12200000.00, 'lancar', '2022-07-12', 241967.62, 'Sektor Perdagangan'),
(173, '5062', 13916000.00, 'lancar', '2022-07-12', 276001.75, 'Sektor Perdagangan'),
(174, '5063', 17500000.00, 'lancar', '2022-07-12', 347084.70, 'Sektor Perdagangan'),
(175, '5064', 34250000.00, 'diragukan', '2022-07-12', 3757687.44, 'Sektor Perdagangan'),
(176, '5065', 35116000.00, 'macet', '2022-07-12', 35116000.00, 'Sektor Peternakan'),
(177, '5067', 23550000.00, 'macet', '2022-07-12', 23550000.00, 'Sektor Jasa'),
(178, '5068', 4137500.00, 'lancar', '2022-07-12', 82060.74, 'Sektor Perdagangan'),
(179, '5069', 13137000.00, 'lancar', '2022-07-12', 260551.52, 'Sektor Industri'),
(180, '5070', 32064000.00, 'macet', '2022-07-12', 32064000.00, 'Sektor Perdagangan'),
(181, '5071', 34733000.00, 'macet', '2022-07-12', 34733000.00, 'Sektor Jasa'),
(182, '5072', 20824000.00, 'lancar', '2022-07-12', 413010.96, 'Sektor Perdagangan'),
(183, '5073', 11447500.00, 'lancar', '2022-07-12', 227042.98, 'Sektor Perdagangan'),
(184, '5074', 22908000.00, 'lancar', '2022-07-12', 454343.79, 'Sektor Perdagangan'),
(185, '5075', 26487000.00, 'kurang lancar', '2022-07-12', 932581.60, 'Sektor Jasa'),
(186, '5076', 13532500.00, 'kurang lancar', '2022-07-12', 476466.21, 'Sektor Industri'),
(187, '5077', 25242000.00, 'kurang lancar', '2022-07-12', 888746.36, 'Sektor Perdagangan'),
(188, '5078', 22000000.00, 'lancar', '2022-07-12', 436335.05, 'Sektor Perdagangan'),
(189, '5079', 49900000.00, 'kurang lancar', '2022-07-12', 1756930.65, 'Sektor Pertanian'),
(190, '5080', 43750000.00, 'lancar', '2022-07-12', 867711.74, 'Sektor Perikanan'),
(191, '5081', 33330000.00, 'kurang lancar', '2022-07-12', 1173517.00, 'Sektor Perikanan'),
(192, '5082', 40625000.00, 'lancar', '2022-07-12', 805732.33, 'Sektor Pertanian'),
(193, '5083', 31328000.00, 'lancar', '2022-07-12', 621341.11, 'Sektor Pertanian'),
(194, '5084', 33332000.00, 'kurang lancar', '2022-07-12', 1173587.42, 'Sektor Perdagangan'),
(195, '5085', 41912000.00, 'diragukan', '2022-07-12', 4598312.29, 'Sektor Perdagangan'),
(196, '5086', 31494000.00, 'kurang lancar', '2022-07-12', 1108873.22, 'Sektor Industri'),
(197, '5087', 21250000.00, 'lancar', '2022-07-12', 421459.99, 'Sektor Perdagangan'),
(198, '5088', 46661500.00, 'lancar', '2022-07-12', 925456.72, 'Sektor Industri'),
(199, '5089', 40000000.00, 'lancar', '2022-07-12', 793336.45, 'Sektor Perdagangan'),
(200, '5090', 28750000.00, 'lancar', '2022-07-12', 570210.57, 'Sektor Industri'),
(201, '5091', 28465000.00, 'kurang lancar', '2022-07-12', 1002225.07, 'Sektor Jasa'),
(202, '5092', 46107000.00, 'kurang lancar', '2022-07-12', 1623382.79, 'Sektor Perkebunan'),
(203, '5093', 60000000.00, 'lancar', '2022-07-12', 1190004.68, 'Sektor Perdagangan'),
(204, '5094', 40000000.00, 'lancar', '2022-07-12', 793336.45, 'Sektor Perdagangan'),
(205, '5095', 32100000.00, 'kurang lancar', '2022-07-12', 1130209.90, 'Sektor Perdagangan'),
(206, '5096', 56662000.00, 'lancar', '2022-07-12', 1123800.75, 'Sektor Perdagangan'),
(207, '5097', 71150000.00, 'lancar', '2022-07-12', 1411147.21, 'Sektor Perdagangan'),
(208, '5098', 17698000.00, 'kurang lancar', '2022-07-12', 623129.43, 'Sektor Jasa'),
(209, '5099', 48598000.00, 'lancar', '2022-07-12', 963864.12, 'Sektor Perdagangan'),
(210, '5100', 29899000.00, 'lancar', '2022-07-12', 592999.16, 'Sektor Perikanan'),
(211, '5101', 67500000.00, 'lancar', '2022-07-12', 1338755.26, 'Sektor Perdagangan'),
(212, '5102', 67500000.00, 'lancar', '2022-07-12', 1338755.26, 'Sektor Jasa'),
(213, '5103', 71242500.00, 'lancar', '2022-07-12', 1412981.80, 'Sektor Jasa'),
(214, '5104', 29998000.00, 'lancar', '2022-07-12', 594962.67, 'Sektor Perdagangan'),
(215, '5105', 11100000.00, 'lancar', '2022-07-12', 220150.87, 'Sektor Perikanan'),
(216, '5106', 31665000.00, 'lancar', '2022-07-12', 628024.97, 'Sektor Jasa'),
(217, '5107', 26250000.00, 'kurang lancar', '2022-07-12', 924237.06, 'Sektor Perdagangan'),
(218, '5108', 31500000.00, 'lancar', '2022-07-12', 624752.46, 'Sektor Jasa'),
(219, '5109', 31566000.00, 'lancar', '2022-07-12', 626061.46, 'Sektor Peternakan'),
(220, '5110', 23250000.00, 'lancar', '2022-07-12', 461126.81, 'Sektor Industri'),
(221, '5111', 43250000.00, 'kurang lancar', '2022-07-12', 1522790.59, 'Sektor Perdagangan'),
(222, '5112', 59375000.00, 'lancar', '2022-07-12', 1177608.80, 'Sektor Industri'),
(223, '5113', 68750000.00, 'lancar', '2022-07-12', 1363547.03, 'Sektor Perdagangan'),
(224, '5114', 18332000.00, 'lancar', '2022-07-12', 363586.10, 'Sektor Perdagangan'),
(225, '5115', 45500000.00, 'lancar', '2022-07-12', 902420.21, 'Sektor Industri'),
(226, '5116', 18300000.00, 'lancar', '2022-07-12', 362951.43, 'Sektor Industri'),
(227, '5117', 36666000.00, 'lancar', '2022-07-12', 727211.86, 'Sektor Jasa'),
(228, '5118', 68750000.00, 'lancar', '2022-07-12', 1363547.03, 'Sektor Perdagangan'),
(229, '5119', 72800000.00, 'lancar', '2022-07-12', 1443872.34, 'Sektor Industri'),
(230, '5120', 30000000.00, 'lancar', '2022-07-12', 595002.34, 'Sektor Industri'),
(231, '5121', 40000000.00, 'lancar', '2022-07-12', 793336.45, 'Sektor Industri'),
(232, '5124', 50000000.00, 'lancar', '2022-07-12', 991670.57, 'Sektor Jasa'),
(233, '5125', 50000000.00, 'lancar', '2022-07-12', 991670.57, 'Sektor Jasa'),
(234, '5123', 85000000.00, 'lancar', '2022-07-12', 1685839.96, 'Sektor Perdagangan'),
(235, '5122', 60000000.00, 'lancar', '2022-07-12', 1190004.68, 'Sektor Perdagangan');



INSERT INTO `piutangtdkbermasalahmei22` (`id`, `nokontrak`, `sisapinjaman`, `status`, `tgl`, `alokasisisih`, `sektor`) VALUES
(1, '3971', 10659000.00, 'kurang lancar', '2022-06-20', 379664.20, 'Sektor Jasa');
INSERT INTO `piutangtdkbermasalahmei22` (`id`, `nokontrak`, `sisapinjaman`, `status`, `tgl`, `alokasisisih`, `sektor`) VALUES
(2, '3974', 3983000.00, 'macet', '2022-06-20', 3983000.00, 'Sektor Industri');
INSERT INTO `piutangtdkbermasalahmei22` (`id`, `nokontrak`, `sisapinjaman`, `status`, `tgl`, `alokasisisih`, `sektor`) VALUES
(3, '4001', 5873980.00, 'macet', '2022-06-20', 5873980.00, 'Sektor Industri');
INSERT INTO `piutangtdkbermasalahmei22` (`id`, `nokontrak`, `sisapinjaman`, `status`, `tgl`, `alokasisisih`, `sektor`) VALUES
(4, '4045', 5200000.00, 'macet', '2022-06-20', 5200000.00, 'Sektor Perdagangan'),
(5, '4095', 4364000.00, 'macet', '2022-06-20', 4364000.00, 'Sektor Industri'),
(6, '4097', 4500000.00, 'macet', '2022-06-20', 4500000.00, 'Sektor Perdagangan'),
(7, '4112', 45900000.00, 'kurang lancar', '2022-06-20', 1634917.61, 'Sektor Perdagangan'),
(8, '4115', 4125000.00, 'macet', '2022-06-20', 4125000.00, 'Sektor Perdagangan'),
(9, '4116', 4900000.00, 'macet', '2022-06-20', 4900000.00, 'Sektor Perdagangan'),
(10, '4117', 14275000.00, 'kurang lancar', '2022-06-20', 508462.94, 'Sektor Perdagangan'),
(11, '4149', 1067000.00, 'macet', '2022-06-20', 1067000.00, 'Sektor Perdagangan'),
(12, '4194', 5915000.00, 'macet', '2022-06-20', 5915000.00, 'Sektor Perdagangan'),
(13, '4212', 350000.00, 'macet', '2022-06-20', 350000.00, 'Sektor Industri'),
(14, '4229', 16524993.00, 'kurang lancar', '2022-06-20', 588605.71, 'Sektor Perdagangan'),
(15, '4251', 4020000.00, 'macet', '2022-06-20', 4020000.00, 'Sektor Perdagangan'),
(16, '4254', 32578000.00, 'kurang lancar', '2022-06-20', 1160399.70, 'Sektor Perdagangan'),
(17, '4261', 15296000.00, 'kurang lancar', '2022-06-20', 544830.06, 'Sektor Perdagangan'),
(18, '4279', 9100000.00, 'macet', '2022-06-20', 9100000.00, 'Sektor Perdagangan'),
(19, '4292', 9760000.00, 'macet', '2022-06-20', 9760000.00, 'Sektor Perdagangan'),
(20, '4349', 2562000.00, 'macet', '2022-06-20', 2562000.00, 'Sektor Peternakan'),
(21, '4351', 10175000.00, 'kurang lancar', '2022-06-20', 362424.55, 'Sektor Jasa'),
(22, '4393', 16883000.00, 'kurang lancar', '2022-06-20', 601357.60, 'Sektor Industri'),
(23, '4405', 8599000.00, 'macet', '2022-06-20', 8599000.00, 'Sektor Industri'),
(24, '4419', 10000000.00, 'macet', '2022-06-20', 10000000.00, 'Sektor Perdagangan'),
(25, '4421', 18765000.00, 'macet', '2022-06-20', 18765000.00, 'Sektor Industri'),
(26, '4448', 8749000.00, 'macet', '2022-06-20', 8749000.00, 'Sektor Perdagangan'),
(27, '4455', 12825000.00, 'macet', '2022-06-20', 12825000.00, 'Sektor Industri'),
(28, '4456', 7480000.00, 'macet', '2022-06-20', 7480000.00, 'Sektor Industri'),
(29, '4493', 7703000.00, 'macet', '2022-06-20', 7703000.00, 'Sektor Perdagangan'),
(30, '4494', 7825000.00, 'macet', '2022-06-20', 7825000.00, 'Sektor Industri'),
(31, '4499', 9748000.00, 'macet', '2022-06-20', 9748000.00, 'Sektor Peternakan'),
(32, '4500', 7338000.00, 'macet', '2022-06-20', 7338000.00, 'Sektor Perdagangan'),
(33, '4501', 10150000.00, 'macet', '2022-06-20', 10150000.00, 'Sektor Perdagangan'),
(34, '4503', 10100000.00, 'macet', '2022-06-20', 10100000.00, 'Sektor Perdagangan'),
(35, '4506', 5586334.00, 'macet', '2022-06-20', 5586334.00, 'Sektor Perdagangan'),
(36, '4509', 2500000.00, 'macet', '2022-06-20', 2500000.00, 'Sektor Industri'),
(37, '4514', 4326000.00, 'macet', '2022-06-20', 4326000.00, 'Sektor Industri'),
(38, '4517', 6318000.00, 'macet', '2022-06-20', 6318000.00, 'Sektor Perikanan'),
(39, '4518', 2661000.00, 'macet', '2022-06-20', 2661000.00, 'Sektor Perdagangan'),
(40, '4526', 5312000.00, 'macet', '2022-06-20', 5312000.00, 'Sektor Industri'),
(41, '4530', 41248000.00, 'kurang lancar', '2022-06-20', 1469217.47, 'Sektor Perikanan'),
(42, '4547', 6873000.00, 'macet', '2022-06-20', 6873000.00, 'Sektor Perdagangan'),
(43, '4567', 5393000.00, 'macet', '2022-06-20', 5393000.00, 'Sektor Perdagangan'),
(44, '4571', 8125000.00, 'macet', '2022-06-20', 8125000.00, 'Sektor Peternakan'),
(45, '4579', 22200000.00, 'kurang lancar', '2022-06-20', 790744.47, 'Sektor Perdagangan'),
(46, '4600', 43400000.00, 'kurang lancar', '2022-06-20', 1545869.81, 'Sektor Industri'),
(47, '4628', 8200000.00, 'macet', '2022-06-20', 8200000.00, 'Sektor Perikanan'),
(48, '4629', 5025000.00, 'macet', '2022-06-20', 5025000.00, 'Sektor Perdagangan'),
(49, '4653', 8749000.00, 'macet', '2022-06-20', 8749000.00, 'Sektor Pertanian'),
(50, '4671', 1220640.00, 'macet', '2022-06-20', 1220640.00, 'Sektor Perikanan'),
(51, '4673', 18250000.00, 'kurang lancar', '2022-06-20', 650048.94, 'Sektor Peternakan'),
(52, '4674', 3703000.00, 'macet', '2022-06-20', 3703000.00, 'Sektor Perdagangan'),
(53, '4676', 10675000.00, 'macet', '2022-06-20', 10675000.00, 'Sektor Peternakan'),
(54, '4677', 11125000.00, 'macet', '2022-06-20', 11125000.00, 'Sektor Industri'),
(55, '4678', 328640.00, 'macet', '2022-06-20', 328640.00, 'Sektor Industri'),
(56, '4679', 14375000.00, 'kurang lancar', '2022-06-20', 512024.85, 'Sektor Pertanian'),
(57, '4680', 9583000.00, 'macet', '2022-06-20', 9583000.00, 'Sektor Perdagangan'),
(58, '4681', 7770000.00, 'macet', '2022-06-20', 7770000.00, 'Sektor Industri'),
(59, '4683', 9879000.00, 'macet', '2022-06-20', 9879000.00, 'Sektor Perdagangan'),
(60, '4684', 14275000.00, 'kurang lancar', '2022-06-20', 508462.94, 'Sektor Perdagangan'),
(61, '4687', 12200000.00, 'macet', '2022-06-20', 12200000.00, 'Sektor Industri'),
(62, '4689', 12500000.00, 'macet', '2022-06-20', 12500000.00, 'Sektor Perdagangan'),
(63, '4691', 41360.00, 'macet', '2022-06-20', 41360.00, 'Sektor Perdagangan'),
(64, '4692', 12500000.00, 'macet', '2022-06-20', 12500000.00, 'Sektor Perdagangan'),
(65, '4694', 8749000.00, 'macet', '2022-06-20', 8749000.00, 'Sektor Perdagangan'),
(66, '4696', 6197000.00, 'macet', '2022-06-20', 6197000.00, 'Sektor Perdagangan'),
(67, '4710', 12128000.00, 'macet', '2022-06-20', 12128000.00, 'Sektor Industri'),
(68, '4714', 16480000.00, 'macet', '2022-06-20', 16480000.00, 'Sektor Peternakan'),
(69, '4723', 3580000.00, 'macet', '2022-06-20', 3580000.00, 'Sektor Perdagangan'),
(70, '4726', 16900000.00, 'kurang lancar', '2022-06-20', 601963.13, 'Sektor Perdagangan'),
(71, '4727', 4503520.00, 'macet', '2022-06-20', 4503520.00, 'Sektor Peternakan'),
(72, '4728', 16064000.00, 'kurang lancar', '2022-06-20', 572185.55, 'Sektor Perdagangan'),
(73, '4729', 6775520.00, 'macet', '2022-06-20', 6775520.00, 'Sektor Perdagangan'),
(74, '4730', 18666000.00, 'kurang lancar', '2022-06-20', 664866.50, 'Sektor Perdagangan'),
(75, '4732', 18182000.00, 'kurang lancar', '2022-06-20', 647626.84, 'Sektor Peternakan'),
(76, '4734', 16586000.00, 'kurang lancar', '2022-06-20', 590778.73, 'Sektor Perdagangan'),
(77, '4735', 17198000.00, 'kurang lancar', '2022-06-20', 612577.63, 'Sektor Perdagangan'),
(78, '4736', 17231000.00, 'kurang lancar', '2022-06-20', 613753.06, 'Sektor Perdagangan'),
(79, '4737', 19066000.00, 'kurang lancar', '2022-06-20', 679114.14, 'Sektor Perdagangan'),
(80, '4738', 16998000.00, 'kurang lancar', '2022-06-20', 605453.80, 'Sektor Peternakan'),
(81, '4739', 19600000.00, 'kurang lancar', '2022-06-20', 698134.75, 'Sektor Perdagangan'),
(82, '4740', 12862000.00, 'macet', '2022-06-20', 12862000.00, 'Sektor Perdagangan'),
(83, '4741', 13340000.00, 'macet', '2022-06-20', 13340000.00, 'Sektor Industri'),
(84, '4745', 7941000.00, 'macet', '2022-06-20', 7941000.00, 'Sektor Perdagangan'),
(85, '4747', 15666000.00, 'macet', '2022-06-20', 15666000.00, 'Sektor Lain-lain'),
(86, '4753', 17498000.00, 'kurang lancar', '2022-06-20', 623263.36, 'Sektor Industri'),
(87, '4764', 18332000.00, 'kurang lancar', '2022-06-20', 652969.71, 'Sektor Perdagangan'),
(88, '4779', 11664000.00, 'macet', '2022-06-20', 11664000.00, 'Sektor Perdagangan'),
(89, '4783', 16698000.00, 'kurang lancar', '2022-06-20', 594768.07, 'Sektor Perdagangan'),
(90, '4787', 11198000.00, 'macet', '2022-06-20', 11198000.00, 'Sektor Peternakan'),
(91, '4804', 10625000.00, 'macet', '2022-06-20', 10625000.00, 'Sektor Perdagangan'),
(92, '4806', 16664000.00, 'kurang lancar', '2022-06-20', 593557.02, 'Sektor Peternakan'),
(93, '4807', 12492000.00, 'macet', '2022-06-20', 12492000.00, 'Sektor Industri'),
(94, '4808', 19800000.00, 'kurang lancar', '2022-06-20', 705258.58, 'Sektor Perdagangan'),
(95, '4810', 14163000.00, 'macet', '2022-06-20', 14163000.00, 'Sektor Perdagangan'),
(96, '4811', 10750000.00, 'macet', '2022-06-20', 10750000.00, 'Sektor Perdagangan'),
(97, '4812', 5100000.00, 'macet', '2022-06-20', 5100000.00, 'Sektor Perdagangan'),
(98, '4823', 1871880.00, 'diragukan', '2022-06-20', 185558.78, 'Sektor Perdagangan'),
(99, '4824', 12800000.00, 'macet', '2022-06-20', 12800000.00, 'Sektor Peternakan'),
(100, '4829', 17350000.00, 'macet', '2022-06-20', 17350000.00, 'Sektor Peternakan'),
(101, '4830', 10939500.00, 'macet', '2022-06-20', 10939500.00, 'Sektor Peternakan'),
(102, '4834', 8627202.00, 'macet', '2022-06-20', 8627202.00, 'Sektor Perdagangan'),
(103, '4836', 9163000.00, 'macet', '2022-06-20', 9163000.00, 'Sektor Perdagangan'),
(104, '4837', 15830000.00, 'kurang lancar', '2022-06-20', 563850.67, 'Sektor Peternakan'),
(105, '4838', 14375000.00, 'kurang lancar', '2022-06-20', 512024.85, 'Sektor Perdagangan'),
(106, '4841', 4494439.00, 'macet', '2022-06-20', 4494439.00, 'Sektor Perdagangan'),
(107, '4843', 1341880.00, 'kurang lancar', '2022-06-20', 47796.58, 'Sektor Industri'),
(108, '4845', 2000000.00, 'macet', '2022-06-20', 2000000.00, 'Sektor Industri'),
(109, '4849', 6016625.00, 'macet', '2022-06-20', 6016625.00, 'Sektor Perdagangan'),
(110, '4854', 19790000.00, 'kurang lancar', '2022-06-20', 704902.39, 'Sektor Perdagangan'),
(111, '4870', 11700000.00, 'macet', '2022-06-20', 11700000.00, 'Sektor Pertanian'),
(112, '4876', 14345000.00, 'macet', '2022-06-20', 14345000.00, 'Sektor Perdagangan'),
(113, '4882', 17498000.00, 'macet', '2022-06-20', 17498000.00, 'Sektor Peternakan'),
(114, '4883', 18332000.00, 'macet', '2022-06-20', 18332000.00, 'Sektor Peternakan'),
(115, '4884', 15078000.00, 'macet', '2022-06-20', 15078000.00, 'Sektor Perdagangan'),
(116, '4885', 11660000.00, 'macet', '2022-06-20', 11660000.00, 'Sektor Perdagangan'),
(117, '4887', 4395000.00, 'macet', '2022-06-20', 4395000.00, 'Sektor Perdagangan'),
(118, '4893', 13060000.00, 'kurang lancar', '2022-06-20', 465185.71, 'Sektor Perdagangan'),
(119, '4913', 10362000.00, 'macet', '2022-06-20', 10362000.00, 'Sektor Perdagangan'),
(120, '4921', 21500000.00, 'kurang lancar', '2022-06-20', 765811.08, 'Sektor Industri'),
(121, '4923', 43748000.00, 'kurang lancar', '2022-06-20', 1558265.27, 'Sektor Industri'),
(122, '4924', 9570000.00, 'macet', '2022-06-20', 9570000.00, 'Sektor Perdagangan'),
(123, '4927', 12500000.00, 'macet', '2022-06-20', 12500000.00, 'Sektor Industri'),
(124, '4934', 20225000.00, 'kurang lancar', '2022-06-20', 720396.70, 'Sektor Perdagangan'),
(125, '4936', 27000000.00, 'kurang lancar', '2022-06-20', 961716.24, 'Sektor Industri'),
(126, '4942', 10238000.00, 'macet', '2022-06-20', 10238000.00, 'Sektor Perdagangan'),
(127, '4943', 6611000.00, 'macet', '2022-06-20', 6611000.00, 'Sektor Jasa'),
(128, '4949', 11240000.00, 'macet', '2022-06-20', 11240000.00, 'Sektor Industri'),
(129, '4954', 13260000.00, 'macet', '2022-06-20', 13260000.00, 'Sektor Jasa'),
(130, '4955', 18382000.00, 'kurang lancar', '2022-06-20', 654750.67, 'Sektor Perdagangan'),
(131, '4957', 27254000.00, 'kurang lancar', '2022-06-20', 970763.50, 'Sektor Perdagangan'),
(132, '4967', 17500000.00, 'macet', '2022-06-20', 17500000.00, 'Sektor Perikanan'),
(133, '4970', 5348000.00, 'macet', '2022-06-20', 5348000.00, 'Sektor Perdagangan'),
(134, '4973', 6534000.00, 'macet', '2022-06-20', 6534000.00, 'Sektor Perdagangan'),
(135, '4975', 8979000.00, 'macet', '2022-06-20', 8979000.00, 'Sektor Jasa'),
(136, '4977', 12011000.00, 'macet', '2022-06-20', 12011000.00, 'Sektor Perdagangan'),
(137, '4978', 13128000.00, 'macet', '2022-06-20', 13128000.00, 'Sektor Perdagangan'),
(138, '4980', 4162000.00, 'macet', '2022-06-20', 4162000.00, 'Sektor Jasa'),
(139, '4981', 7944000.00, 'macet', '2022-06-20', 7944000.00, 'Sektor Perdagangan'),
(140, '4982', 4464000.00, 'macet', '2022-06-20', 4464000.00, 'Sektor Perdagangan'),
(141, '4983', 12494000.00, 'macet', '2022-06-20', 12494000.00, 'Sektor Perdagangan'),
(142, '4984', 22150000.00, 'kurang lancar', '2022-06-20', 788963.51, 'Sektor Jasa'),
(143, '4985', 6247000.00, 'macet', '2022-06-20', 6247000.00, 'Sektor Peternakan'),
(144, '4990', 8790000.00, 'macet', '2022-06-20', 8790000.00, 'Sektor Perdagangan'),
(145, '5001', 23026000.00, 'kurang lancar', '2022-06-20', 820165.86, 'Sektor Perdagangan'),
(146, '5002', 24207000.00, 'kurang lancar', '2022-06-20', 862232.04, 'Sektor Peternakan'),
(147, '5003', 33550000.00, 'kurang lancar', '2022-06-20', 1195021.48, 'Sektor Perdagangan'),
(148, '5005', 34300000.00, 'macet', '2022-06-20', 34300000.00, 'Sektor Perdagangan'),
(149, '5006', 65625000.00, 'macet', '2022-06-20', 65625000.00, 'Sektor Perdagangan'),
(150, '5012', 14762000.00, 'macet', '2022-06-20', 14762000.00, 'Sektor Perdagangan'),
(151, '5013', 6341000.00, 'macet', '2022-06-20', 6341000.00, 'Sektor Industri'),
(152, '5014', 10403000.00, 'macet', '2022-06-20', 10403000.00, 'Sektor Perdagangan'),
(153, '5015', 6634000.00, 'macet', '2022-06-20', 6634000.00, 'Sektor Perdagangan'),
(154, '5016', 10800000.00, 'macet', '2022-06-20', 10800000.00, 'Sektor Perdagangan'),
(155, '5020', 11890000.00, 'macet', '2022-06-20', 11890000.00, 'Sektor Peternakan'),
(156, '5024', 16014000.00, 'kurang lancar', '2022-06-20', 570404.59, 'Sektor Perdagangan'),
(157, '5025', 12780000.00, 'macet', '2022-06-20', 12780000.00, 'Sektor Peternakan'),
(158, '5030', 33499000.00, 'macet', '2022-06-20', 33499000.00, 'Sektor Perdagangan'),
(159, '5034', 35000000.00, 'macet', '2022-06-20', 35000000.00, 'Sektor Industri'),
(160, '5036', 38550000.00, 'macet', '2022-06-20', 38550000.00, 'Sektor Jasa'),
(161, '5037', 4947500.00, 'lancar', '2022-06-20', 101124.48, 'Sektor Industri'),
(162, '5038', 6232000.00, 'lancar', '2022-06-20', 127379.03, 'Sektor Jasa'),
(163, '5041', 1652000.00, 'lancar', '2022-06-20', 33766.07, 'Sektor Perdagangan'),
(164, '5042', 4148500.00, 'lancar', '2022-06-20', 84793.31, 'Sektor Pertanian'),
(165, '5043', 3400000.00, 'lancar', '2022-06-20', 69494.34, 'Sektor Pertanian'),
(166, '5044', 4582000.00, 'kurang lancar', '2022-06-20', 163206.81, 'Sektor Perdagangan'),
(167, '5047', 5423000.00, 'lancar', '2022-06-20', 110843.47, 'Sektor Perdagangan'),
(168, '5048', 8423000.00, 'lancar', '2022-06-20', 172162.00, 'Sektor Perdagangan'),
(169, '5050', 5915500.00, 'kurang lancar', '2022-06-20', 210704.91, 'Sektor Perdagangan'),
(170, '5051', 1785000.00, 'lancar', '2022-06-20', 36484.53, 'Sektor Peternakan'),
(171, '5053', 13262000.00, 'macet', '2022-06-20', 13262000.00, 'Sektor Industri'),
(172, '5054', 16229000.00, 'lancar', '2022-06-20', 331712.82, 'Sektor Jasa'),
(173, '5055', 21500000.00, 'kurang lancar', '2022-06-20', 765811.08, 'Sektor Perdagangan'),
(174, '5057', 8700000.00, 'lancar', '2022-06-20', 177823.74, 'Sektor Perdagangan'),
(175, '5058', 14050000.00, 'lancar', '2022-06-20', 287175.13, 'Sektor Perdagangan'),
(176, '5059', 8700000.00, 'lancar', '2022-06-20', 177823.74, 'Sektor Industri'),
(177, '5060', 22857000.00, 'kurang lancar', '2022-06-20', 814146.23, 'Sektor Perdagangan'),
(178, '5061', 14700000.00, 'lancar', '2022-06-20', 300460.81, 'Sektor Perdagangan'),
(179, '5062', 16041000.00, 'lancar', '2022-06-20', 327870.19, 'Sektor Perdagangan'),
(180, '5063', 20000000.00, 'lancar', '2022-06-20', 408790.21, 'Sektor Perdagangan'),
(181, '5064', 35100000.00, 'kurang lancar', '2022-06-20', 1250231.12, 'Sektor Perdagangan'),
(182, '5065', 37491000.00, 'macet', '2022-06-20', 37491000.00, 'Sektor Peternakan'),
(183, '5066', 853000.00, 'lancar', '2022-06-20', 17434.90, 'Sektor Jasa'),
(184, '5067', 23550000.00, 'diragukan', '2022-06-20', 2334502.90, 'Sektor Jasa'),
(185, '5068', 5100000.00, 'lancar', '2022-06-20', 104241.50, 'Sektor Perdagangan'),
(186, '5069', 15012000.00, 'lancar', '2022-06-20', 306837.93, 'Sektor Industri'),
(187, '5070', 32064000.00, 'diragukan', '2022-06-20', 3178492.61, 'Sektor Perdagangan'),
(188, '5071', 34733000.00, 'macet', '2022-06-20', 34733000.00, 'Sektor Jasa'),
(189, '5072', 22908000.00, 'lancar', '2022-06-20', 468228.31, 'Sektor Perdagangan'),
(190, '5073', 11447500.00, 'lancar', '2022-06-20', 233981.30, 'Sektor Perdagangan'),
(191, '5074', 22908000.00, 'lancar', '2022-06-20', 468228.31, 'Sektor Perdagangan'),
(192, '5075', 26487000.00, 'kurang lancar', '2022-06-20', 943443.63, 'Sektor Jasa'),
(193, '5076', 14575000.00, 'kurang lancar', '2022-06-20', 519148.68, 'Sektor Industri'),
(194, '5077', 27201000.00, 'kurang lancar', '2022-06-20', 968875.69, 'Sektor Perdagangan'),
(195, '5078', 23800000.00, 'lancar', '2022-06-20', 486460.35, 'Sektor Perdagangan'),
(196, '5079', 49900000.00, 'lancar', '2022-06-20', 1019931.58, 'Sektor Pertanian'),
(197, '5080', 46875000.00, 'lancar', '2022-06-20', 958102.06, 'Sektor Perikanan'),
(198, '5081', 33330000.00, 'kurang lancar', '2022-06-20', 1187185.27, 'Sektor Perikanan'),
(199, '5082', 43750000.00, 'lancar', '2022-06-20', 894228.59, 'Sektor Pertanian'),
(200, '5083', 33412000.00, 'lancar', '2022-06-20', 682924.93, 'Sektor Pertanian'),
(201, '5084', 33332000.00, 'kurang lancar', '2022-06-20', 1187256.51, 'Sektor Perdagangan'),
(202, '5085', 41912000.00, 'kurang lancar', '2022-06-20', 1492868.56, 'Sektor Perdagangan'),
(203, '5086', 33328000.00, 'lancar', '2022-06-20', 681208.01, 'Sektor Industri'),
(204, '5087', 22500000.00, 'lancar', '2022-06-20', 459888.99, 'Sektor Perdagangan'),
(205, '5088', 49578500.00, 'lancar', '2022-06-20', 1013360.28, 'Sektor Industri'),
(206, '5089', 42500000.00, 'lancar', '2022-06-20', 868679.20, 'Sektor Perdagangan'),
(207, '5090', 30775000.00, 'lancar', '2022-06-20', 629025.94, 'Sektor Industri'),
(208, '5091', 29265000.00, 'lancar', '2022-06-20', 598162.28, 'Sektor Jasa'),
(209, '5092', 46107000.00, 'kurang lancar', '2022-06-20', 1642290.77, 'Sektor Perkebunan'),
(210, '5093', 63750000.00, 'lancar', '2022-06-20', 1303018.81, 'Sektor Perdagangan'),
(211, '5094', 42500000.00, 'lancar', '2022-06-20', 868679.20, 'Sektor Perdagangan'),
(212, '5095', 32900000.00, 'kurang lancar', '2022-06-20', 1171869.05, 'Sektor Perdagangan'),
(213, '5096', 59996000.00, 'lancar', '2022-06-20', 1226288.88, 'Sektor Perdagangan'),
(214, '5097', 75125000.00, 'lancar', '2022-06-20', 1535518.24, 'Sektor Perdagangan'),
(215, '5098', 17698000.00, 'kurang lancar', '2022-06-20', 630387.19, 'Sektor Jasa'),
(216, '5099', 51307000.00, 'lancar', '2022-06-20', 1048689.98, 'Sektor Perdagangan'),
(217, '5100', 31566000.00, 'lancar', '2022-06-20', 645193.59, 'Sektor Perikanan'),
(218, '5101', 71250000.00, 'lancar', '2022-06-20', 1456315.14, 'Sektor Perdagangan'),
(219, '5102', 71250000.00, 'lancar', '2022-06-20', 1456315.14, 'Sektor Jasa'),
(220, '5103', 75201500.00, 'lancar', '2022-06-20', 1537081.86, 'Sektor Jasa'),
(221, '5104', 31665000.00, 'lancar', '2022-06-20', 647217.11, 'Sektor Perdagangan'),
(222, '5105', 12500000.00, 'lancar', '2022-06-20', 255493.88, 'Sektor Perikanan'),
(223, '5106', 31665000.00, 'lancar', '2022-06-20', 647217.11, 'Sektor Jasa'),
(224, '5107', 26250000.00, 'lancar', '2022-06-20', 536537.16, 'Sektor Perdagangan'),
(225, '5108', 33300000.00, 'lancar', '2022-06-20', 680635.71, 'Sektor Jasa'),
(226, '5109', 33266000.00, 'lancar', '2022-06-20', 679940.76, 'Sektor Peternakan'),
(227, '5110', 24600000.00, 'lancar', '2022-06-20', 502811.96, 'Sektor Industri'),
(228, '5111', 45500000.00, 'kurang lancar', '2022-06-20', 1620669.97, 'Sektor Perdagangan'),
(229, '5112', 62500000.00, 'lancar', '2022-06-20', 1277469.42, 'Sektor Industri'),
(230, '5113', 71875000.00, 'lancar', '2022-06-20', 1469089.83, 'Sektor Perdagangan'),
(231, '5114', 19166000.00, 'lancar', '2022-06-20', 391743.66, 'Sektor Perdagangan'),
(232, '5115', 47750000.00, 'lancar', '2022-06-20', 975986.64, 'Sektor Industri'),
(233, '5116', 19150000.00, 'lancar', '2022-06-20', 391416.63, 'Sektor Industri'),
(234, '5117', 38333000.00, 'lancar', '2022-06-20', 783507.76, 'Sektor Jasa'),
(235, '5118', 71875000.00, 'lancar', '2022-06-20', 1469089.83, 'Sektor Perdagangan'),
(236, '5119', 76400000.00, 'lancar', '2022-06-20', 1561578.62, 'Sektor Industri');







INSERT INTO `programkemitraan` (`id`, `sektor`, `jan21`, `feb21`, `mar21`, `apr21`, `mei21`, `jun21`, `jul21`, `ags21`, `sep21`, `okt21`, `nop21`, `des21`) VALUES
(1, 'kelebihan pembayaran angsuran ', 0, 0, 0, 0, 0, 0, 67200000, 0, 0, 0, 0, 0);
INSERT INTO `programkemitraan` (`id`, `sektor`, `jan21`, `feb21`, `mar21`, `apr21`, `mei21`, `jun21`, `jul21`, `ags21`, `sep21`, `okt21`, `nop21`, `des21`) VALUES
(2, 'angsuran belum teridentifikasi', 0, 0, 0, 0, 0, 0, 0, 0, 0, 0, 0, 0);


INSERT INTO `proposal` (`id`, `lokasi`, `barujan`, `lanjutanjan`, `jumlahjan`, `barufeb`, `lanjutanfeb`, `jumlahfeb`, `barumar`, `lanjutanmar`, `jumlahmar`, `baruapr`, `lanjutanapr`, `jumlahapr`, `barumei`, `lanjutanmei`, `jumlahmei`, `barujun`, `lanjutanjun`, `jumlahjun`, `barujul`, `lanjutanjul`, `jumlahjul`, `baruags`, `lanjutanags`, `jumlahags`, `barusep`, `lanjutansep`, `jumlahsep`, `baruokt`, `lanjutanokt`, `jumlahokt`, `barunop`, `lanjutannop`, `jumlahnop`, `barudes`, `lanjutandes`, `jumlahdes`, `surveyjan`, `surveyfeb`, `surveymar`, `surveyapr`, `surveymei`, `surveyjun`, `surveyjul`, `surveyags`, `surveysep`, `surveyokt`, `surveynop`, `surveydes`, `monitorjan`, `monitorfeb`, `monitormar`, `monitorapr`, `monitormei`, `monitorjun`, `monitorjul`, `monitorags`, `monitorsep`, `monitorokt`, `monitornop`, `monitordes`, `penagihanjan`, `penagihanfeb`, `penagihanmar`, `penagihanapr`, `penagihanmei`, `penagihanjun`, `penagihanjul`, `penagihanags`, `penagihansep`, `penagihanokt`, `penagihannop`, `penagihandes`) VALUES
(1, 'kodya bandung', 0, 0, 0, 0, 0, 0, 0, 0, 0, 0, 0, 0, 0, 0, 0, 0, 0, 0, 0, 0, 0, 0, 0, 0, 0, 0, 0, 0, 0, 0, 0, 1, 1, 0, 0, 0, 0, 0, 0, 0, 0, 0, 0, 0, 0, 0, 0, 0, 0, 0, 0, 0, 0, 0, 0, 0, 0, 0, 0, 0, 0, 0, 0, 0, 0, 0, 0, 0, 0, 0, 0, 0);
INSERT INTO `proposal` (`id`, `lokasi`, `barujan`, `lanjutanjan`, `jumlahjan`, `barufeb`, `lanjutanfeb`, `jumlahfeb`, `barumar`, `lanjutanmar`, `jumlahmar`, `baruapr`, `lanjutanapr`, `jumlahapr`, `barumei`, `lanjutanmei`, `jumlahmei`, `barujun`, `lanjutanjun`, `jumlahjun`, `barujul`, `lanjutanjul`, `jumlahjul`, `baruags`, `lanjutanags`, `jumlahags`, `barusep`, `lanjutansep`, `jumlahsep`, `baruokt`, `lanjutanokt`, `jumlahokt`, `barunop`, `lanjutannop`, `jumlahnop`, `barudes`, `lanjutandes`, `jumlahdes`, `surveyjan`, `surveyfeb`, `surveymar`, `surveyapr`, `surveymei`, `surveyjun`, `surveyjul`, `surveyags`, `surveysep`, `surveyokt`, `surveynop`, `surveydes`, `monitorjan`, `monitorfeb`, `monitormar`, `monitorapr`, `monitormei`, `monitorjun`, `monitorjul`, `monitorags`, `monitorsep`, `monitorokt`, `monitornop`, `monitordes`, `penagihanjan`, `penagihanfeb`, `penagihanmar`, `penagihanapr`, `penagihanmei`, `penagihanjun`, `penagihanjul`, `penagihanags`, `penagihansep`, `penagihanokt`, `penagihannop`, `penagihandes`) VALUES
(2, 'kab bandung', 0, 1, 1, 0, 2, 2, 0, 0, 0, 0, 1, 1, 0, 3, 3, 0, 2, 2, 0, 0, 0, 0, 3, 3, 0, 3, 3, 0, 0, 0, 0, 0, 0, 0, 0, 0, 0, 0, 0, 0, 0, 0, 0, 0, 0, 0, 0, 0, 0, 0, 0, 0, 0, 0, 0, 0, 0, 0, 0, 0, 0, 0, 0, 0, 0, 0, 0, 0, 0, 0, 0, 0);
INSERT INTO `proposal` (`id`, `lokasi`, `barujan`, `lanjutanjan`, `jumlahjan`, `barufeb`, `lanjutanfeb`, `jumlahfeb`, `barumar`, `lanjutanmar`, `jumlahmar`, `baruapr`, `lanjutanapr`, `jumlahapr`, `barumei`, `lanjutanmei`, `jumlahmei`, `barujun`, `lanjutanjun`, `jumlahjun`, `barujul`, `lanjutanjul`, `jumlahjul`, `baruags`, `lanjutanags`, `jumlahags`, `barusep`, `lanjutansep`, `jumlahsep`, `baruokt`, `lanjutanokt`, `jumlahokt`, `barunop`, `lanjutannop`, `jumlahnop`, `barudes`, `lanjutandes`, `jumlahdes`, `surveyjan`, `surveyfeb`, `surveymar`, `surveyapr`, `surveymei`, `surveyjun`, `surveyjul`, `surveyags`, `surveysep`, `surveyokt`, `surveynop`, `surveydes`, `monitorjan`, `monitorfeb`, `monitormar`, `monitorapr`, `monitormei`, `monitorjun`, `monitorjul`, `monitorags`, `monitorsep`, `monitorokt`, `monitornop`, `monitordes`, `penagihanjan`, `penagihanfeb`, `penagihanmar`, `penagihanapr`, `penagihanmei`, `penagihanjun`, `penagihanjul`, `penagihanags`, `penagihansep`, `penagihanokt`, `penagihannop`, `penagihandes`) VALUES
(3, 'kab bandung barat', 0, 0, 0, 0, 0, 0, 0, 0, 0, 0, 0, 0, 0, 0, 0, 0, 0, 0, 0, 0, 0, 0, 0, 0, 0, 0, 0, 0, 0, 0, 0, 0, 0, 0, 0, 0, 0, 0, 0, 0, 0, 0, 0, 0, 0, 0, 0, 0, 0, 0, 0, 0, 0, 0, 0, 0, 0, 0, 0, 0, 0, 0, 0, 0, 0, 0, 0, 0, 0, 0, 0, 0);
INSERT INTO `proposal` (`id`, `lokasi`, `barujan`, `lanjutanjan`, `jumlahjan`, `barufeb`, `lanjutanfeb`, `jumlahfeb`, `barumar`, `lanjutanmar`, `jumlahmar`, `baruapr`, `lanjutanapr`, `jumlahapr`, `barumei`, `lanjutanmei`, `jumlahmei`, `barujun`, `lanjutanjun`, `jumlahjun`, `barujul`, `lanjutanjul`, `jumlahjul`, `baruags`, `lanjutanags`, `jumlahags`, `barusep`, `lanjutansep`, `jumlahsep`, `baruokt`, `lanjutanokt`, `jumlahokt`, `barunop`, `lanjutannop`, `jumlahnop`, `barudes`, `lanjutandes`, `jumlahdes`, `surveyjan`, `surveyfeb`, `surveymar`, `surveyapr`, `surveymei`, `surveyjun`, `surveyjul`, `surveyags`, `surveysep`, `surveyokt`, `surveynop`, `surveydes`, `monitorjan`, `monitorfeb`, `monitormar`, `monitorapr`, `monitormei`, `monitorjun`, `monitorjul`, `monitorags`, `monitorsep`, `monitorokt`, `monitornop`, `monitordes`, `penagihanjan`, `penagihanfeb`, `penagihanmar`, `penagihanapr`, `penagihanmei`, `penagihanjun`, `penagihanjul`, `penagihanags`, `penagihansep`, `penagihanokt`, `penagihannop`, `penagihandes`) VALUES
(4, 'kodya cimahi', 0, 0, 0, 0, 0, 0, 0, 0, 0, 0, 0, 0, 0, 0, 0, 0, 0, 0, 0, 0, 0, 0, 0, 0, 0, 0, 0, 0, 0, 0, 0, 0, 0, 0, 0, 0, 0, 0, 0, 0, 0, 0, 0, 0, 0, 0, 0, 0, 0, 0, 0, 0, 0, 0, 0, 0, 0, 0, 0, 0, 0, 0, 0, 0, 0, 0, 0, 0, 0, 0, 0, 0),
(5, 'kodya sumedang', 1, 0, 1, 0, 0, 0, 0, 0, 0, 0, 0, 0, 0, 0, 0, 0, 0, 0, 0, 0, 0, 0, 0, 0, 0, 0, 0, 0, 0, 0, 0, 0, 0, 0, 0, 0, 0, 0, 0, 0, 0, 0, 0, 1, 0, 0, 0, 0, 0, 0, 0, 0, 0, 0, 0, 0, 0, 0, 0, 0, 0, 0, 0, 0, 0, 0, 0, 0, 0, 0, 0, 0),
(6, 'kab subang', 0, 0, 0, 0, 1, 1, 0, 0, 0, 0, 1, 1, 0, 0, 0, 0, 0, 0, 0, 0, 0, 0, 0, 0, 0, 0, 0, 0, 0, 0, 0, 0, 0, 0, 0, 0, 0, 0, 0, 0, 0, 0, 0, 0, 0, 0, 0, 0, 0, 0, 0, 0, 0, 0, 0, 0, 0, 0, 0, 0, 0, 0, 0, 0, 0, 0, 0, 0, 0, 0, 0, 0),
(7, 'kab majalengka', 0, 1, 1, 0, 0, 0, 0, 0, 0, 0, 0, 0, 0, 0, 0, 0, 0, 0, 0, 0, 0, 0, 0, 0, 0, 0, 0, 0, 0, 0, 0, 0, 0, 0, 0, 0, 0, 0, 0, 0, 0, 0, 0, 1, 0, 0, 0, 0, 0, 0, 0, 0, 0, 0, 0, 0, 0, 0, 0, 0, 0, 0, 0, 0, 0, 0, 0, 0, 0, 0, 0, 0),
(8, 'kab sukabumi', 0, 0, 0, 0, 0, 0, 0, 0, 0, 0, 0, 0, 0, 0, 0, 0, 0, 0, 0, 0, 0, 0, 0, 0, 0, 0, 0, 0, 0, 0, 0, 0, 0, 0, 0, 0, 0, 0, 0, 0, 0, 0, 0, 0, 0, 0, 0, 0, 0, 0, 0, 0, 0, 0, 0, 0, 0, 0, 0, 0, 0, 0, 0, 0, 0, 0, 0, 0, 0, 0, 0, 0),
(9, 'kab indramayu', 0, 0, 0, 0, 0, 0, 0, 0, 0, 0, 0, 0, 0, 0, 0, 0, 0, 0, 0, 0, 0, 0, 0, 0, 0, 0, 0, 0, 0, 0, 0, 0, 0, 0, 0, 0, 0, 0, 0, 0, 0, 0, 0, 0, 0, 0, 0, 0, 0, 0, 0, 0, 0, 0, 0, 0, 0, 0, 0, 0, 0, 0, 0, 0, 0, 0, 0, 0, 0, 0, 0, 0),
(10, 'kab cirebon', 0, 0, 0, 0, 0, 0, 0, 0, 0, 0, 0, 0, 0, 0, 0, 0, 0, 0, 0, 0, 0, 0, 0, 0, 0, 0, 0, 0, 0, 0, 0, 0, 0, 0, 0, 0, 0, 0, 0, 0, 0, 0, 0, 0, 0, 0, 0, 0, 0, 0, 0, 0, 0, 0, 0, 0, 0, 0, 0, 0, 0, 0, 0, 0, 0, 0, 0, 0, 0, 0, 0, 0),
(11, 'kab ciamis', 0, 0, 0, 0, 0, 0, 0, 0, 0, 0, 0, 0, 0, 0, 0, 0, 0, 0, 0, 0, 0, 0, 0, 0, 0, 0, 0, 0, 0, 0, 0, 0, 0, 0, 0, 0, 0, 0, 0, 0, 0, 0, 0, 0, 0, 0, 0, 0, 0, 0, 0, 0, 0, 0, 0, 0, 0, 0, 0, 0, 0, 0, 0, 0, 0, 0, 0, 0, 0, 0, 0, 0),
(12, 'kab garut', 0, 0, 0, 0, 0, 0, 0, 1, 1, 0, 2, 2, 0, 1, 1, 0, 1, 1, 0, 0, 0, 0, 0, 0, 0, 0, 0, 0, 0, 0, 0, 0, 0, 0, 0, 0, 0, 0, 0, 0, 0, 0, 0, 0, 0, 0, 0, 0, 0, 0, 0, 0, 0, 0, 0, 0, 0, 0, 0, 0, 0, 0, 0, 0, 0, 0, 0, 0, 0, 0, 0, 0),
(13, 'kab tasikmalaya', 0, 0, 0, 0, 0, 0, 0, 0, 0, 0, 0, 0, 0, 0, 0, 0, 0, 0, 0, 0, 0, 0, 0, 0, 0, 0, 0, 0, 0, 0, 0, 0, 0, 0, 0, 0, 0, 0, 0, 0, 0, 0, 0, 0, 0, 0, 0, 0, 0, 0, 0, 0, 0, 0, 0, 0, 0, 0, 0, 0, 0, 0, 0, 0, 0, 0, 0, 0, 0, 0, 0, 0),
(14, 'kab cianjur', 0, 0, 0, 0, 0, 0, 0, 0, 0, 0, 0, 0, 0, 0, 0, 0, 0, 0, 0, 0, 0, 0, 0, 0, 0, 0, 0, 0, 0, 0, 0, 0, 0, 0, 0, 0, 0, 0, 0, 0, 0, 0, 0, 0, 0, 0, 0, 0, 0, 0, 0, 0, 0, 0, 0, 0, 0, 0, 0, 0, 0, 0, 0, 0, 0, 0, 0, 0, 0, 0, 0, 0),
(15, 'kab kuningan', 0, 0, 0, 0, 0, 0, 0, 0, 0, 0, 0, 0, 0, 0, 0, 0, 0, 0, 0, 0, 0, 0, 0, 0, 0, 0, 0, 0, 0, 0, 0, 0, 0, 0, 0, 0, 0, 0, 0, 0, 0, 0, 0, 0, 0, 0, 0, 0, 0, 0, 0, 0, 0, 0, 0, 0, 0, 0, 0, 0, 0, 0, 0, 0, 0, 0, 0, 0, 0, 0, 0, 0);

INSERT INTO `role_permissions` (`role_id`, `permission_id`) VALUES
(1, 2);
INSERT INTO `role_permissions` (`role_id`, `permission_id`) VALUES
(1, 3);
INSERT INTO `role_permissions` (`role_id`, `permission_id`) VALUES
(1, 5);
INSERT INTO `role_permissions` (`role_id`, `permission_id`) VALUES
(1, 6),
(1, 7),
(1, 8),
(1, 9),
(1, 10),
(1, 11),
(1, 12),
(1, 13),
(1, 14),
(1, 16),
(1, 17),
(1, 18),
(1, 19),
(1, 20),
(2, 6),
(2, 7),
(2, 8),
(2, 9),
(2, 10),
(2, 11),
(2, 12),
(2, 13),
(2, 14);

INSERT INTO `roles` (`role_id`, `role`, `full`, `default`) VALUES
(1, 'Admin', 'Administrator', 0);
INSERT INTO `roles` (`role_id`, `role`, `full`, `default`) VALUES
(2, 'User', 'User', 1);


INSERT INTO `saldokasbank` (`id`, `mandiri`, `bri`, `kaskecil`, `perioda`, `updated`, `updated_at`) VALUES
(2, 240714890, 244786181, 26437541, 'Jan 2022', 'ahmad', '2021-11-17');
INSERT INTO `saldokasbank` (`id`, `mandiri`, `bri`, `kaskecil`, `perioda`, `updated`, `updated_at`) VALUES
(3, 264434813, 440675853, 16345541, 'Feb 2022', 'ahmad', '2021-12-09');
INSERT INTO `saldokasbank` (`id`, `mandiri`, `bri`, `kaskecil`, `perioda`, `updated`, `updated_at`) VALUES
(4, 281697950, 288560506, 2969041, 'Mar 2022', 'ahmad', '2021-12-17');
INSERT INTO `saldokasbank` (`id`, `mandiri`, `bri`, `kaskecil`, `perioda`, `updated`, `updated_at`) VALUES
(5, 307664979, 551164246, 14989041, 'Apr 2022', 'ahmad', '2021-12-25'),
(6, 332669334, 688122721, 89409561, 'May 2022', 'ahmad', '2022-01-02'),
(7, 331959900, 424908411, 31711041, 'Jun 2022', 'ahmad', '2022-01-10'),
(8, 347136255, 644555916, 1244061, 'Jul 2022', 'antowiranto', '2022-08-01'),
(9, 350427095, 733990411, 1144061, 'Aug 2022', 'antowiranto', '2022-09-01'),
(10, 0, 0, 0, 'Sep 2022', 'antowiranto', '2022-09-01'),
(11, 0, 0, 0, 'Oct 2022', 'antowiranto', '2022-09-01'),
(12, 0, 0, 0, 'Nov 2022', 'antowiranto', '2022-09-01'),
(13, 0, 0, 0, 'Dec 2022', 'antowiranto', '2022-09-01');

INSERT INTO `sektorusaha` (`id`, `sektor`) VALUES
(1, 'Sektor Industri');
INSERT INTO `sektorusaha` (`id`, `sektor`) VALUES
(2, 'Sektor Perdagangan');
INSERT INTO `sektorusaha` (`id`, `sektor`) VALUES
(3, 'Sektor Pertanian');
INSERT INTO `sektorusaha` (`id`, `sektor`) VALUES
(4, 'Sektor Perkebunan'),
(5, 'Sektor Perikanan'),
(6, 'Sektor Peternakan'),
(7, 'Sektor Jasa'),
(8, 'Sektor Lain-lain');

INSERT INTO `skalausaha` (`id`, `skala`) VALUES
(1, 'usaha mikro');
INSERT INTO `skalausaha` (`id`, `skala`) VALUES
(2, 'usaha kecil');
INSERT INTO `skalausaha` (`id`, `skala`) VALUES
(3, 'usaha menengah');

INSERT INTO `statusmitra` (`id`, `status`) VALUES
(1, 'baru');
INSERT INTO `statusmitra` (`id`, `status`) VALUES
(2, 'lanjutan');


INSERT INTO `sudahbelum` (`id`, `status`) VALUES
(1, 'belum');
INSERT INTO `sudahbelum` (`id`, `status`) VALUES
(2, 'sudah');


INSERT INTO `tingkatpengembalianhasil` (`id`, `sektor`, `okt21`, `nop21`, `des21`, `jan22`, `feb22`, `mar22`, `apr22`, `mei22`, `jun22`, `jul22`, `ags22`, `sep22`, `okt22`, `nop22`, `des22`, `prosen`, `timbangjan22`, `timbangdes21`, `timbangfeb22`, `timbangmar22`, `timbangapr22`, `timbangmei22`, `timbangjun22`, `timbangjul22`, `timbangags22`, `timbangsep22`, `timbangokt22`, `timbangnop22`, `timbangdes22`, `rkajan22`, `rkasdjan22`, `realjan22`, `realsdjan22`, `rkajan21`, `rkasdjan21`, `prosenjan22`, `prosensdjan22`, `prosenfeb22`, `prosensdfeb22`, `prosenmar22`, `prosensdmar22`, `prosenapr22`, `prosensdapr22`, `prosenmei22`, `prosensdmei22`, `prosenjun22`, `prosensdjun22`, `prosenjul22`, `prosensdjul22`, `prosenags22`, `prosensdags22`, `prosensep22`, `prosensdsep22`, `prosenokt22`, `prosensdokt22`, `prosennop22`, `prosensdnop22`, `prosendes22`, `prosensddes22`) VALUES
(1, 'Lancar', 2150680836.00, 2165603170.00, 3266914000.00, 2940026500.00, 1820883497.00, 16041000.00, 16041000.00, 1662648000.00, 1754497500.00, 1638190000.00, 324621000.00, 0.00, 0.00, 0.00, 0.00, 100, 2940026500.00, 0.00, 1820883497.00, 16041000.00, 16041000.00, 1662648000.00, 1754497500.00, 1638190000.00, 324621000.00, 0.00, 0.00, 0.00, 0.00, 3025135051.00, 0.00, 0.00, 0.00, 2783134101.00, 0.00, 0.00, 0.00, 0.00, 0.00, 0.00, 0.00, 0.00, 0.00, 0.00, 0.00, 0.00, 0.00, 0.00, 0.00, 0.00, 0.00, 0.00, 0.00, 0.00, 0.00, 0.00, 0.00, 0.00, 0.00);
INSERT INTO `tingkatpengembalianhasil` (`id`, `sektor`, `okt21`, `nop21`, `des21`, `jan22`, `feb22`, `mar22`, `apr22`, `mei22`, `jun22`, `jul22`, `ags22`, `sep22`, `okt22`, `nop22`, `des22`, `prosen`, `timbangjan22`, `timbangdes21`, `timbangfeb22`, `timbangmar22`, `timbangapr22`, `timbangmei22`, `timbangjun22`, `timbangjul22`, `timbangags22`, `timbangsep22`, `timbangokt22`, `timbangnop22`, `timbangdes22`, `rkajan22`, `rkasdjan22`, `realjan22`, `realsdjan22`, `rkajan21`, `rkasdjan21`, `prosenjan22`, `prosensdjan22`, `prosenfeb22`, `prosensdfeb22`, `prosenmar22`, `prosensdmar22`, `prosenapr22`, `prosensdapr22`, `prosenmei22`, `prosensdmei22`, `prosenjun22`, `prosensdjun22`, `prosenjul22`, `prosensdjul22`, `prosenags22`, `prosensdags22`, `prosensep22`, `prosensdsep22`, `prosenokt22`, `prosensdokt22`, `prosennop22`, `prosensdnop22`, `prosendes22`, `prosensddes22`) VALUES
(2, 'Kurang Lancar', 526224800.00, 375903260.00, 261722880.00, 342928380.00, 1244379380.00, 1204524493.00, 1204524493.00, 1276596873.00, 1203451373.00, 521867993.00, 492283000.00, 0.00, 0.00, 0.00, 0.00, 75, 257196285.00, 0.00, 933284535.00, 903393369.75, 903393369.75, 957447654.75, 902588529.75, 391400994.75, 369212250.00, 0.00, 0.00, 0.00, 0.00, 1023890857.00, 0.00, 0.00, 0.00, 1012048764.00, 0.00, 0.00, 0.00, 0.00, 0.00, 0.00, 0.00, 0.00, 0.00, 0.00, 0.00, 0.00, 0.00, 0.00, 0.00, 0.00, 0.00, 0.00, 0.00, 0.00, 0.00, 0.00, 0.00, 0.00, 0.00);
INSERT INTO `tingkatpengembalianhasil` (`id`, `sektor`, `okt21`, `nop21`, `des21`, `jan22`, `feb22`, `mar22`, `apr22`, `mei22`, `jun22`, `jul22`, `ags22`, `sep22`, `okt22`, `nop22`, `des22`, `prosen`, `timbangjan22`, `timbangdes21`, `timbangfeb22`, `timbangmar22`, `timbangapr22`, `timbangmei22`, `timbangjun22`, `timbangjul22`, `timbangags22`, `timbangsep22`, `timbangokt22`, `timbangnop22`, `timbangdes22`, `rkajan22`, `rkasdjan22`, `realjan22`, `realsdjan22`, `rkajan21`, `rkasdjan21`, `prosenjan22`, `prosensdjan22`, `prosenfeb22`, `prosensdfeb22`, `prosenmar22`, `prosensdmar22`, `prosenapr22`, `prosensdapr22`, `prosenmei22`, `prosensdmei22`, `prosenjun22`, `prosensdjun22`, `prosenjul22`, `prosensdjul22`, `prosenags22`, `prosensdags22`, `prosensep22`, `prosensdsep22`, `prosenokt22`, `prosensdokt22`, `prosennop22`, `prosensdnop22`, `prosendes22`, `prosensddes22`) VALUES
(3, 'Diragukan', 930725252.00, 188655645.00, 196467900.00, 163134400.00, 185503880.00, 223827880.00, 223827880.00, 57485880.00, 165662000.00, 907160380.00, 873830380.00, 0.00, 0.00, 0.00, 0.00, 25, 40783600.00, 0.00, 46375970.00, 55956970.00, 55956970.00, 14371470.00, 41415500.00, 226790095.00, 218457595.00, 0.00, 0.00, 0.00, 0.00, 572534514.00, 0.00, 0.00, 0.00, 506024382.00, 0.00, 0.00, 0.00, 0.00, 0.00, 0.00, 0.00, 0.00, 0.00, 0.00, 0.00, 0.00, 0.00, 0.00, 0.00, 0.00, 0.00, 0.00, 0.00, 0.00, 0.00, 0.00, 0.00, 0.00, 0.00);
INSERT INTO `tingkatpengembalianhasil` (`id`, `sektor`, `okt21`, `nop21`, `des21`, `jan22`, `feb22`, `mar22`, `apr22`, `mei22`, `jun22`, `jul22`, `ags22`, `sep22`, `okt22`, `nop22`, `des22`, `prosen`, `timbangjan22`, `timbangdes21`, `timbangfeb22`, `timbangmar22`, `timbangapr22`, `timbangmei22`, `timbangjun22`, `timbangjul22`, `timbangags22`, `timbangsep22`, `timbangokt22`, `timbangnop22`, `timbangdes22`, `rkajan22`, `rkasdjan22`, `realjan22`, `realsdjan22`, `rkajan21`, `rkasdjan21`, `prosenjan22`, `prosensdjan22`, `prosenfeb22`, `prosensdfeb22`, `prosenmar22`, `prosensdmar22`, `prosenapr22`, `prosensdapr22`, `prosenmei22`, `prosensdmei22`, `prosenjun22`, `prosensdjun22`, `prosenjul22`, `prosensdjul22`, `prosenags22`, `prosensdags22`, `prosensep22`, `prosensdsep22`, `prosenokt22`, `prosensdokt22`, `prosennop22`, `prosensdnop22`, `prosendes22`, `prosensddes22`) VALUES
(4, 'Macet', 1364450644.00, 2080043115.00, 1162702740.00, 1164397740.00, 1092789760.00, 2975705515.00, 2975705515.00, 1255384760.00, 1258229140.00, 1234379140.00, 1416007140.00, 0.00, 0.00, 0.00, 0.00, 0, 0.00, 0.00, 0.00, 0.00, 0.00, 0.00, 0.00, 0.00, 0.00, 0.00, 0.00, 0.00, 0.00, 757253669.00, 0.00, 0.00, 0.00, 808036573.00, 0.00, 0.00, 0.00, 0.00, 0.00, 0.00, 0.00, 0.00, 0.00, 0.00, 0.00, 0.00, 0.00, 0.00, 0.00, 0.00, 0.00, 0.00, 0.00, 0.00, 0.00, 0.00, 0.00, 0.00, 0.00),
(5, 'TOTAL', 4972081532.00, 4810205190.00, 4887807520.00, 4610487020.00, 4343556517.00, 4420098888.00, 4420098888.00, 4252115513.00, 4381840013.00, 4342256513.00, 4302256513.00, 0.00, 0.00, 0.00, 0.00, 0, 3238006385.00, 0.00, 2800544002.00, 975391339.75, 975391339.75, 2634467124.75, 2698501529.75, 2256381089.75, 912290845.00, 0.00, 0.00, 0.00, 0.00, 5378814090.00, 0.00, 0.00, 0.00, 5109243820.00, 0.00, 0.00, 0.00, 0.00, 0.00, 0.00, 0.00, 0.00, 0.00, 0.00, 0.00, 0.00, 0.00, 0.00, 0.00, 0.00, 0.00, 0.00, 0.00, 0.00, 0.00, 0.00, 0.00, 0.00, 0.00),
(6, 'KOLEKTIBILITAS (%)', 87.00, 51.86, 71.86, 70.23, 64.48, 22.07, 22.07, 61.96, 61.58, 51.96, 21.20, 0.00, 0.00, 0.00, 0.00, 0, 0.00, 0.00, 0.00, 0.00, 0.00, 0.00, 0.00, 0.00, 0.00, 0.00, 0.00, 0.00, 0.00, 0.00, 0.00, 0.00, 0.00, 0.00, 0.00, 0.00, 0.00, 0.00, 0.00, 0.00, 0.00, 0.00, 0.00, 0.00, 0.00, 0.00, 0.00, 0.00, 0.00, 0.00, 0.00, 0.00, 0.00, 0.00, 0.00, 0.00, 0.00, 0.00, 0.00),
(7, 'SKOR', 4301361672.00, 2.00, 3.00, 3.00, 2.00, 1.00, 1.00, 2.00, 2.00, 2.00, 1.00, 0.00, 0.00, 0.00, 0.00, 0, 0.00, 0.00, 0.00, 0.00, 0.00, 0.00, 0.00, 0.00, 0.00, 0.00, 0.00, 0.00, 0.00, 0.00, 0.00, 0.00, 0.00, 0.00, 0.00, 0.00, 0.00, 0.00, 0.00, 0.00, 0.00, 0.00, 0.00, 0.00, 0.00, 0.00, 0.00, 0.00, 0.00, 0.00, 0.00, 0.00, 0.00, 0.00, 0.00, 0.00, 0.00, 0.00, 0.00);

INSERT INTO `transposeagingrate` (`id`, `bulan`, `lancar`, `kuranglancar`, `diragukan`, `macet`, `selisih`, `jumlah`, `lankekrglan`, `krglankediragu`, `diragukemacet`, `prodeflancar`, `prodefkuranglancar`, `prodefdiragukan`) VALUES
(1, '2021-01-31', 2833916402.00, 390328000.00, 287074214.00, 1163587978.00, 0.00, 4674906594.00, 44.4279622402, 8.6955073682, 0.0000000000, 0.0000000000, 0.0000000000, 0.0000000000);
INSERT INTO `transposeagingrate` (`id`, `bulan`, `lancar`, `kuranglancar`, `diragukan`, `macet`, `selisih`, `jumlah`, `lankekrglan`, `krglankediragu`, `diragukemacet`, `prodeflancar`, `prodefkuranglancar`, `prodefdiragukan`) VALUES
(2, '2021-02-28', 1776552000.00, 1259051309.00, 267064214.00, 1184682478.00, 21094500.00, 4487350001.00, 72.0869014811, 73.5618319428, 6.7553026779, 0.0000000000, 0.0000000000, 0.0000000000);
INSERT INTO `transposeagingrate` (`id`, `bulan`, `lancar`, `kuranglancar`, `diragukan`, `macet`, `selisih`, `jumlah`, `lankekrglan`, `krglankediragu`, `diragukemacet`, `prodeflancar`, `prodefkuranglancar`, `prodefdiragukan`) VALUES
(3, '2021-03-31', 1916929500.00, 1280661290.00, 204898714.00, 1216749958.00, 32067480.00, 4619239462.00, 66.0697397583, 74.9210687082, 22.2437774792, 0.0000000000, 0.0000000000, 0.0000000000);
INSERT INTO `transposeagingrate` (`id`, `bulan`, `lancar`, `kuranglancar`, `diragukan`, `macet`, `selisih`, `jumlah`, `lankekrglan`, `krglankediragu`, `diragukemacet`, `prodeflancar`, `prodefkuranglancar`, `prodefdiragukan`) VALUES
(4, '2021-04-30', 1768229500.00, 1266510332.00, 135838714.00, 1204190958.00, -12559000.00, 4374769504.00, 71.8048123278, 78.4716000248, 6.7028019715, 0.0000000000, 0.0000000000, 0.0000000000),
(5, '2021-05-31', 1605553500.00, 1269673874.00, 88033714.00, 1222231954.00, 18040996.00, 4185493042.00, 82.2837601488, 23.4582368039, 1.5369111884, 0.0000000000, 0.0000000000, 0.0000000000),
(6, '2021-06-30', 1407329000.00, 1321109791.00, 33941000.00, 1267809168.00, 45577214.00, 4030188959.00, 30.2622201347, 14.2800883231, 0.0000000000, 0.0000000000, 0.0000000000, 0.0000000000),
(7, '2021-07-31', 1766523500.00, 425889000.00, 926181208.00, 1276914168.00, 9105000.00, 4395507876.00, 23.7477452182, 46.1312454654, 68.6642076633, 0.0000000000, 0.0000000000, 0.0000000000),
(8, '2021-08-31', 1601586000.00, 419509500.00, 959485125.00, 1278267168.00, 1353000.00, 4258847793.00, 25.3535557878, 38.4884061028, 17.5335661405, 0.0000000000, 0.0000000000, 0.0000000000),
(9, '2021-09-30', 1973048000.00, 406059000.00, 993850922.00, 1275856168.00, -2411000.00, 4648814090.00, 23.3243327076, 39.9548784783, 0.0000000000, 0.0000000000, 0.0000000000, 0.0000000000),
(10, '2021-10-31', 1801948253.00, 460200280.00, 297843104.00, 1911811156.00, 635954988.00, 4471802793.00, 20.8609353445, 35.4010823288, 3.6408430662, 0.0000000000, 0.0000000000, 0.0000000000),
(11, '2021-11-30', 2165603170.00, 375903260.00, 188655645.00, 2080043115.00, 168231959.00, 4810205190.00, 12.0854496163, 27.3769586356, 0.0000000000, 0.0000000000, 0.0000000000, 0.0000000000),
(12, '2021-12-28', 3266914000.00, 261722880.00, 196467900.00, 1162702740.00, -917340375.00, 4887807520.00, 8.7740222118, 21.9644075443, 22.4596486245, 5.0700000000, 9.6200000000, 0.0000000000),
(13, '2022-01-31', 3099436000.00, 286639760.00, 161462520.00, 1173546740.00, 10844000.00, 4721085020.00, 41.9879900730, 27.0387750813, 33.8016525445, 2.4600000000, 6.1400000000, 0.0000000000),
(14, '2022-02-28', 1959265497.00, 1301390880.00, 162240380.00, 1102667760.00, -70878980.00, 4525564517.00, 66.4460932933, 70.5260344225, 24.8335217164, 0.0000000000, 0.0000000000, 0.0000000000),
(15, '2022-03-31', 2085674829.00, 1301855380.00, 162915880.00, 1146793760.00, 44126000.00, 4697239849.00, 62.2922706328, 0.0000000000, 22.2261206213, 0.0000000000, 0.0000000000, 0.0000000000),
(16, '2022-04-30', 1958391500.00, 1299214209.00, 102910880.00, 1201370760.00, 54577000.00, 4561887349.00, 68.0135393255, 0.0000000000, 0.0000000000, 0.0000000000, 0.0000000000, 0.0000000000),
(17, '2022-05-31', 1760583500.00, 1331971373.00, 57485880.00, 1241660760.00, 40290000.00, 4391701513.00, 75.7793931955, 0.0000000000, 0.0000000000, 0.0000000000, 0.0000000000, 0.0000000000),
(18, '2022-06-30', 1823310500.00, 1334159493.00, 77503880.00, 1277870640.00, 36209880.00, 4512844513.00, 28.6220033834, 0.0000000000, 0.0000000000, 0.0000000000, 0.0000000000, 0.0000000000),
(19, '2022-07-31', 1668190000.00, 521867993.00, 917819380.00, 1234379140.00, -43491500.00, 4342256513.00, 53.2270750818, 30.5405326963, 10.9713501759, 1.7834842800, 3.3507087877, 10.9713501759),
(20, '2022-08-31', 0.00, 0.00, 0.00, 0.00, -1234379140.00, 0.00, 53.2270750818, 30.5405326963, 10.9713501759, 1.7834842800, 3.3507087877, 10.9713501759),
(21, '2022-09-30', 0.00, 0.00, 0.00, 0.00, 0.00, 0.00, 99.9999999999, 0.0000000000, 0.0000000000, 0.0000000000, 0.0000000000, 0.0000000000),
(22, '2022-10-31', 0.00, 0.00, 0.00, 0.00, 0.00, 0.00, 99.9999999999, 0.0000000000, 0.0000000000, 0.0000000000, 0.0000000000, 0.0000000000),
(23, '2022-11-30', 0.00, 0.00, 0.00, 0.00, 0.00, 0.00, 99.9999999999, 0.0000000000, 0.0000000000, 0.0000000000, 0.0000000000, 0.0000000000),
(24, '2022-12-31', 0.00, 0.00, 0.00, 0.00, 0.00, 0.00, 0.0000000000, 0.0000000000, 0.0000000000, 0.0000000000, 0.0000000000, 0.0000000000);

INSERT INTO `user_autologin` (`key_id`, `user_id`, `user_agent`, `last_ip`, `last_login`) VALUES
('bbecaa5ab748280b48db65737ee04f49', 7, 'Mozilla/5.0 (Windows NT 10.0; Win64; x64) AppleWebKit/537.36 (KHTML, like Gecko) Chrome/99.0.4844.51 Safari/537.36', '172.16.10.1', '2022-03-13 23:25:53');


INSERT INTO `user_profiles` (`id`, `nipeg`, `name`, `gender`, `tanggal_lahir`, `alamat`, `kota`, `tentang_saya`, `foto`, `dob`, `country`, `timezone`, `website`, `modified`) VALUES
(1, NULL, 'Administrator', 'P', '1999-08-25', 'Perumahan Taman Bunga Cilame', '', '', '624a63afc50c2.jpg', '0000-00-00', '', '', '', '2022-04-04 10:19:11');
INSERT INTO `user_profiles` (`id`, `nipeg`, `name`, `gender`, `tanggal_lahir`, `alamat`, `kota`, `tentang_saya`, `foto`, `dob`, `country`, `timezone`, `website`, `modified`) VALUES
(2, NULL, 'mahathir.muhammad', '', '0000-00-00', '', '', '', 'no_image.jpg', '0000-00-00', '', '', '', '2022-02-18 09:53:40');
INSERT INTO `user_profiles` (`id`, `nipeg`, `name`, `gender`, `tanggal_lahir`, `alamat`, `kota`, `tentang_saya`, `foto`, `dob`, `country`, `timezone`, `website`, `modified`) VALUES
(3, NULL, 'MUHAMMAD SYAIBANI ZAHRAN', '', '0000-00-00', '', '', '', 'no_image.jpg', '0000-00-00', '', '', '', '2022-03-31 16:05:32');
INSERT INTO `user_profiles` (`id`, `nipeg`, `name`, `gender`, `tanggal_lahir`, `alamat`, `kota`, `tentang_saya`, `foto`, `dob`, `country`, `timezone`, `website`, `modified`) VALUES
(4, NULL, 'MUHAMMAD SYAIBANI ZAHRAN', '', '0000-00-00', '', '', '', 'no_image.jpg', '0000-00-00', '', '', '', '2022-03-31 16:05:34'),
(5, NULL, 'setyo.utoro', '', '0000-00-00', '', '', '', 'no_image.jpg', '0000-00-00', '', '', '', '2022-03-09 10:41:51'),
(6, NULL, 'Shnta Maharani', '', '0000-00-00', '', '', '', 'no_image.jpg', '0000-00-00', '', '', '', '2022-03-31 16:05:36'),
(7, NULL, 'widodo', '', '0000-00-00', '', '', '', 'no_image.jpg', '0000-00-00', '', '', '', '2022-03-13 23:25:53'),
(8, NULL, 'Dani Anwar', NULL, '0000-00-00', '', '', '', 'no_image.jpg', '0000-00-00', '', '', '', '2022-04-04 11:12:49'),
(9, NULL, '', '', '0000-00-00', '', '', '', 'no_image.jpg', '0000-00-00', '', '', '', '2022-09-08 18:33:17'),
(10, NULL, 'GUEST', NULL, '0000-00-00', '', '', '', 'no_image.jpg', '0000-00-00', '', '', '', '2022-09-08 18:27:59'),
(11, NULL, '', '', '0000-00-00', '', '', '', 'no_image.jpg', '0000-00-00', '', '', '', '2022-04-20 13:57:07'),
(12, NULL, 'Jajang Herdi', '', '0000-00-00', '', '', '', '625fafc1a2aef', '0000-00-00', '', '', '', '2022-04-20 14:01:21'),
(13, NULL, 'Anto Wiranto', 'P', '2004-07-31', 'Perumahan Taman Bunga Cilame', '', '', 'no_image.jpg', '0000-00-00', '', '', '', '2022-04-04 10:19:11'),
(14, NULL, 'Kim Lanisa', 'L', '2004-07-31', 'Perumahan Taman Bunga Cilame', '', '', 'no_image.jpg', '0000-00-00', '', '', '', '2022-04-04 10:19:11'),
(15, NULL, 'Selma Ford', 'P', '2004-07-01', 'Dsun', '', '', '6319cd4c6cfa5', '0000-00-00', '', '', '', '2022-09-08 18:20:40');

INSERT INTO `user_roles` (`user_id`, `role_id`) VALUES
(1, 2);
INSERT INTO `user_roles` (`user_id`, `role_id`) VALUES
(2, 2);
INSERT INTO `user_roles` (`user_id`, `role_id`) VALUES
(3, 2);
INSERT INTO `user_roles` (`user_id`, `role_id`) VALUES
(4, 2),
(5, 2),
(6, 2),
(7, 2),
(8, 2),
(9, 1),
(10, 2),
(11, 2),
(12, 2),
(13, 1),
(14, 1),
(15, 2);

INSERT INTO `users` (`id`, `username`, `password`, `email`, `activated`, `banned`, `ban_reason`, `new_password_key`, `new_password_requested`, `new_email`, `new_email_key`, `approved`, `meta`, `last_ip`, `last_login`, `created`, `modified`) VALUES
(1, 'iiky', '$2a$08$UgW69S6DojhLcVHg0KwmJer9ZzIRzBLUCpsEJEJCofwmvAkTvNrZi', 'admin@gmail.com', 1, 0, NULL, NULL, NULL, NULL, NULL, 1, '', '127.0.0.1', '2022-08-19 03:57:15', '2018-02-24 15:26:07', '2022-08-19 08:57:15');
INSERT INTO `users` (`id`, `username`, `password`, `email`, `activated`, `banned`, `ban_reason`, `new_password_key`, `new_password_requested`, `new_email`, `new_email_key`, `approved`, `meta`, `last_ip`, `last_login`, `created`, `modified`) VALUES
(2, 'mahathir.muhammad', '$2a$08$EsdzUNbnzUaeqiYqLsa7wOTktqfil7VGGkNf1UsUu3fRCKZIMF4jO', 'mahathir.muhammad@inti.co.id', 1, 0, NULL, NULL, NULL, NULL, NULL, 1, 'a:1:{s:4:\"name\";s:17:\"mahathir.muhammad\";}', '::1', '2022-03-24 10:31:36', '2022-02-18 03:53:40', '2022-03-24 16:31:36');
INSERT INTO `users` (`id`, `username`, `password`, `email`, `activated`, `banned`, `ban_reason`, `new_password_key`, `new_password_requested`, `new_email`, `new_email_key`, `approved`, `meta`, `last_ip`, `last_login`, `created`, `modified`) VALUES
(3, 'mszahran', '$2a$08$kukgqTjIvtbsl3.ULfWRtu5R2L019nSJa4BvmNWMQB8lJZ2mj7igG', 'muhamadzahran32@gmail.com', 1, 0, NULL, NULL, NULL, NULL, NULL, 1, 'a:1:{s:4:\"name\";s:24:\"MUHAMMAD SYAIBANI ZAHRAN\";}', '127.0.0.1', '0000-00-00 00:00:00', '2022-03-01 10:47:28', '2022-03-31 16:05:32');
INSERT INTO `users` (`id`, `username`, `password`, `email`, `activated`, `banned`, `ban_reason`, `new_password_key`, `new_password_requested`, `new_email`, `new_email_key`, `approved`, `meta`, `last_ip`, `last_login`, `created`, `modified`) VALUES
(4, 'mszahran089', '$2a$08$ygab6ICqIF9mcqW9L0YgeucYGMkauhyw36qui1JrThjsxvQuMz95S', 'muhamadzahran@gmail.com', 1, 0, NULL, NULL, NULL, NULL, NULL, 1, 'a:1:{s:4:\"name\";s:24:\"MUHAMMAD SYAIBANI ZAHRAN\";}', '127.0.0.1', '0000-00-00 00:00:00', '2022-03-01 10:48:51', '2022-03-31 16:05:34'),
(5, 'setyo.utoro', '$2a$08$VKERYPMsDZDxdyNQxLTZuu2ZHq2uF.e2Nsy0kiAPYooD1JdPhRaru', 'setyo.utoro@inti.co.id', 1, 0, NULL, NULL, NULL, NULL, NULL, 1, 'a:1:{s:4:\"name\";s:11:\"setyo.utoro\";}', '10.20.161.238', '2022-03-21 10:24:34', '2022-03-09 10:41:50', '2022-04-01 11:46:20'),
(6, 'bjiomaruz', '$2a$08$RlrCVOeESMwY1O41kQ2zoO6NW2H9OL2PEAFUPw4LVE9NNGxDjvzaG', 'setyo.utoro27@gmail.com', 1, 0, NULL, NULL, NULL, NULL, NULL, 1, 'a:1:{s:4:\"name\";s:14:\"Shnta Maharani\";}', '10.20.161.238', '0000-00-00 00:00:00', '2022-03-10 15:50:16', '2022-03-31 16:05:36'),
(7, 'widodo', '$2a$08$GbbdxhUFXWl2Xt4SvIFUferX1s2oHPa7JoA1NHFPyjt.9.NK9kUwm', 'widodo@inti.co.id', 1, 0, NULL, NULL, NULL, NULL, NULL, 1, 'a:1:{s:4:\"name\";s:6:\"widodo\";}', '172.16.10.1', '2022-03-13 23:25:53', '2022-03-13 23:25:53', '2022-03-13 23:25:53'),
(8, 'zahran123', '$2a$10$0tLvA6S0eU2AG.b1KfuGHOg.cpT4fNF.mHJdIClhAJ5VqeG85aZpq', 'dani.anwar555@gmail.com', 1, 0, NULL, NULL, NULL, NULL, NULL, 1, '', '127.0.0.1', '0000-00-00 00:00:00', '2022-04-01 12:05:15', '2022-09-08 18:33:05'),
(9, 'intiguest', '$2a$10$ywAlq5hrF8FcCMjPvFfmWeuDah.dtNhdKkqX12ihKvuqI8zsn.of6', 'guest@gmail.com', 1, 0, NULL, NULL, NULL, NULL, NULL, 1, '', '127.0.0.1', '0000-00-00 00:00:00', '2022-04-20 08:49:20', '2022-09-08 18:33:17'),
(10, 'userguest', '$2a$10$KR6Vy751Ks26Y2cSPWAmXOa5UOkwa6jOH7Ea0eHM.5hHaBY.IvQ7u', 'intiguest@gmail.com', 1, 1, NULL, NULL, NULL, NULL, NULL, 1, '', '127.0.0.1', '0000-00-00 00:00:00', '2022-04-20 08:54:39', '2022-09-08 18:27:46'),
(11, 'test', '$2a$10$RV8122nXgNO4zAogioXbbO4S5ONcKDOoVAoQ7SyGRACNOAVlCGGkm', 'test@gmail.com', 1, 0, NULL, NULL, NULL, NULL, NULL, 1, '', '127.0.0.1', '0000-00-00 00:00:00', '2022-04-20 08:57:07', '2022-04-20 13:57:07'),
(12, 'jajang', '$2a$10$K7yhYZHAKcJuaxzrQFhCIOeXF7Z0fC6vnPumcGoFwbj0FeMp3/WzW', 'jajang@gmail.com', 1, 0, NULL, NULL, NULL, NULL, NULL, 1, 'a:2:{s:4:\"foto\";s:13:\"625fafc1a2aef\";s:4:\"name\";s:12:\"Jajang Herdi\";}', '127.0.0.1', '0000-00-00 00:00:00', '2022-04-20 09:01:21', '2022-04-20 14:01:21'),
(13, 'antowiranto', '$2y$10$Jo1V2r.5PMBBRWlN/6ncn.KWQZVUSB2LhETq/sVUMxmaND5BQswyu', 'antow0808@gmail.com', 1, 0, NULL, NULL, NULL, NULL, NULL, 1, 'a:1:{s:4:\"name\";s:12:\"Anto Wiranto\";}', '127.0.0.1', '2022-09-14 03:29:13', '2022-09-08 04:06:52', '2022-09-14 08:29:13'),
(14, 'kimlanisa', '$2y$10$6F1uSJ5f6P.LNpJU4hnkM.3R9RvqEdJI8b4qu8ZM5g2fglPruwMLa', 'kimlanisa@gmail.com', 1, 0, NULL, NULL, NULL, NULL, NULL, 1, 'a:1:{s:4:\"name\";s:12:\"Lani Sri Agustin\";}', '10.20.11.174', '2022-09-14 06:08:39', '2022-09-08 04:06:52', '2022-09-14 11:08:39'),
(15, 'qenycal', '$2a$10$bNEYc94yogIeZNL.BVUR3Ofro4VpR9xd4.Zn.Kvy0bq1gIZ9LOZR2', 'suzykul@mailinator.com', 1, 1, NULL, NULL, NULL, NULL, NULL, 1, 'a:2:{s:4:\"foto\";s:13:\"6319cd4c6cfa5\";s:4:\"name\";s:10:\"Selma Ford\";}', '127.0.0.1', '0000-00-00 00:00:00', '2022-09-08 13:09:00', '2022-09-08 18:26:54');

INSERT INTO `yatidak` (`id`, `status`) VALUES
(1, 'Ya');
INSERT INTO `yatidak` (`id`, `status`) VALUES
(2, 'Tidak');



/*!40101 SET SQL_MODE=@OLD_SQL_MODE */;
/*!40014 SET FOREIGN_KEY_CHECKS=@OLD_FOREIGN_KEY_CHECKS */;
/*!40014 SET UNIQUE_CHECKS=@OLD_UNIQUE_CHECKS */;
/*!40101 SET CHARACTER_SET_CLIENT=@OLD_CHARACTER_SET_CLIENT */;
/*!40101 SET CHARACTER_SET_RESULTS=@OLD_CHARACTER_SET_RESULTS */;
/*!40101 SET COLLATION_CONNECTION=@OLD_COLLATION_CONNECTION */;
/*!40111 SET SQL_NOTES=@OLD_SQL_NOTES */;